Dataset,Record ID
UT_ILM_BXD_hipp_NOS_1112,ILM102100095
UT_ILM_BXD_hipp_NOE_1112,ILM102100095
UT_ILM_BXD_hipp_RSS_1112,ILM102100095
HQFNeoc_0208_RankInv,ILM102100095
UTK_BXDSpl_VST_0110,ILM102100095
HQFNeoc_1210_RankInv,ILM102100095
HQFNeoc_1210v2_RankInv,ILM102100095
UTHSC_ILM_BXD_hipp_RSEb_0217,ILM102100095
UT_ILM_BXD_hipp_RSE_0909,ILM102100095
UT_ILM_BXD_hipp_NOE_0909,ILM102100095
UTHSC_ILM_BXD_hipp_NOEb_0217,ILM102100095
UTHSC_ILM_BXD_hipp_RSSb_0217,ILM102100095
UT_ILM_BXD_hipp_NON_0909,ILM102100095
UT_ILM_BXD_hipp_RSE_1112,ILM102100095
UTHSC_1107_RankInv,ILM102100095
B6D2ONCILM_0412,ILM102100095
UTHSC_ILM_BXD_hipp_RSSb_0216,ILM102100095
UCLA_BXDBXH_CARTILAGE,ILM102100095
UTHSC_ILM_BXD_hipp_NOSb_0217,ILM102100095
UCLA_BXD_CARTILAGE,ILM102100095
UTHSC_ILM_BXD_hipp_NOEb_0216,ILM102100095
UTHSC_ILM_BXD_hipp_RSEb_0216,ILM102100095
UT_ILM_BXD_hipp_5T_1112,ILM102100095
UT_ILM_BXD_hipp_NON_1112,ILM102100095
UCLA_BXDBXH_CARTILAGE_V2,ILM102100095
UTHSC_Striatum_RankInv_1210,ILM102100095
UT_ILM_BXD_hipp_NOS_0909,ILM102100095
UT_ILM_BXD_hipp_RSS_0909,ILM102100095
UTHSC_Str_RankInv_1210,ILM102100095
UMCG_0907_Pro,ILM102100095
UMCG_0907_Myeloid_ori,ILM102100095
UMCG_0907_Pro_ori,ILM102100095
UMCG_0907_HemaStem,ILM102100095
UMCG_0907_Eryth,ILM102100095
UCLA_BXD_Femur_0113_RSN,ILM102100095
UMCG_0907_HemaStem_ori,ILM102100095
UMCG_0907_Eryth_ori,ILM102100095
UMCG_0907_Myeloid,ILM102100095
UTHSC_BXD_MamGland_cpm_0322,NM_010637
UTHSC_BXD_MamGland_tum_0322,NM_010637
UTHSC_BXD_MamGland_cpmNtum_0322,NM_010637
EPFLADGL1013,17425401
UTHSC_BXD_MamGland_ca_0322,NM_010637
UTHSC_BXDOldEyeRNAseq_DESeq2-rlog2_0422,ENSMUSG00000003032
UTHSC_BXDYgEyeRNAseq_DESeq2-rlog2_0422,ENSMUSG00000003032
UTHSC_BXD_MamGlandTOnly_tpmLog2_0124,ENSMUSG00000003032
DoDTATRCRetBLMoGene2_0316,17425401
UTHSC_BXD_MamGland_tpmLog2_0124,ENSMUSG00000003032
DoDCMMRPRetMoGene2Ex_0515,17425402
DoDCMMRPRetMoGene2Ex_0515,17425403
DoDCMMRPRetMoGene2Ex_0515,17425404
DoDCMMRPRetMoGene2Ex_0515,17425405
DoDCMMRPRetMoGene2Ex_0515,17425406
DoDCMMRPRetMoGene2Ex_0515,17425407
DoDRetBlastvsNormal_0416,17425401
DoDCMMRPRetMoGene2_0515,17425401
EPFLADEL1013,17425402
EPFLADEL1013,17425403
EPFLADEL1013,17425404
EPFLADEL1013,17425405
EPFLADEL1013,17425406
EPFLADEL1013,17425407
DoDRetBlastvsNormalEx_0416,17425402
DoDRetBlastvsNormalEx_0416,17425403
DoDRetBlastvsNormalEx_0416,17425404
DoDRetBlastvsNormalEx_0416,17425405
DoDRetBlastvsNormalEx_0416,17425406
DoDRetBlastvsNormalEx_0416,17425407
DoDTATRCRetBLMoGene2E_0316,17425402
DoDTATRCRetBLMoGene2E_0316,17425403
DoDTATRCRetBLMoGene2E_0316,17425404
DoDTATRCRetBLMoGene2E_0316,17425405
DoDTATRCRetBLMoGene2E_0316,17425406
DoDTATRCRetBLMoGene2E_0316,17425407
UCLA_BXD-on_Femur_0113_RSN,ILM102100095
EPFL-LISPBXDHeHFDEx0114,17425402
EPFL-LISPBXDHeHFDEx0114,17425403
EPFL-LISPBXDHeHFDEx0114,17425404
EPFL-LISPBXDHeHFDEx0114,17425405
EPFL-LISPBXDHeHFDEx0114,17425406
EPFL-LISPBXDHeHFDEx0114,17425407
EPFL-LISPBXDHeCD0114,17425401
EPFL-LISPBXDHeHFD0114,17425401
UTHSCWGU88BFFEx1013,17425402
UTHSCWGU88BFFEx1013,17425403
UTHSCWGU88BFFEx1013,17425404
UTHSCWGU88BFFEx1013,17425405
UTHSCWGU88BFFEx1013,17425406
UTHSCWGU88BFFEx1013,17425407
UTHSCWGU88BFMEx1013,17425402
UTHSCWGU88BFMEx1013,17425403
UTHSCWGU88BFMEx1013,17425404
UTHSCWGU88BFMEx1013,17425405
UTHSCWGU88BFMEx1013,17425406
UTHSCWGU88BFMEx1013,17425407
UTHSCWGU88BFMG1013,17425401
UTHSCWGU88BFFG1013,17425401
EPFL-LISPBXDHeCDEx0114,17425402
EPFL-LISPBXDHeCDEx0114,17425403
EPFL-LISPBXDHeCDEx0114,17425404
EPFL-LISPBXDHeCDEx0114,17425405
EPFL-LISPBXDHeCDEx0114,17425406
EPFL-LISPBXDHeCDEx0114,17425407
UTHSC-Neut_EL-1014,17425402
UTHSC-Neut_EL-1014,17425403
UTHSC-Neut_EL-1014,17425404
UTHSC-Neut_EL-1014,17425405
UTHSC-Neut_EL-1014,17425406
UTHSC-Neut_EL-1014,17425407
UTHSC-Neut-1014,17425401
UTHSC-BXD-Harv_Liv_TPM_log2_1019,ENSMUST00000107619
UTHSC_BXDOldEyeRNAseq_DESeq2-rlog2_0422,ENSMUSG00000025534
UTHSC_BXDYgEyeRNAseq_DESeq2-rlog2_0422,ENSMUSG00000025534
UTHSC_BXD_MamGlandTOnly_tpmLog2_0124,ENSMUSG00000025534
UTHSC_BXD_MamGland_tpmLog2_0124,ENSMUSG00000025534
UTHSC_BXD_Hip_PostD7CtrlBS_1121,TC0400002694.mm.2
UTHSC_BXD_Hip_PostD7EtohBS_1121,TC0400002694.mm.2
UTHSC_BXD_Hip_PostD7CtrlF_1121,TC0400002694.mm.2
UTHSC_BXD_Hip_PostD7CtrlM_1121,TC0400002694.mm.2
NIA-AgBXD-Liv_CDHFD-rna-seq-0818,ENSMUST00000107619
NIA-AgBXD-Liv_HFD-rna-seq-0818,ENSMUST00000107619
UTHSC_BXD_Hip_PostD7EtohF_1121,TC0400002694.mm.2
UTHSC_BXD_Hip_PostD7EtohM_1121,TC0400002694.mm.2
EL_BXDCDScWAT_0216,TC0400002694.mm.1
NIA-AgBXD-Liv_CD-rna-seq-0818,ENSMUST00000107619
EL_BXDCDHFDScWAT_0216,TC0400002694.mm.1
EL_BXDHFDScWAT_0216,TC0400002694.mm.1
HZI_LTCF_0313,A_51_P213544
HZI_PR8M_Q_0612,A_51_P213544
DOD-BXD-PFC-CD-RNA-Seq-1019,ENSMUSG00000003032
DOD-BXD-PFC-CTL-RNA-Seq-1019,ENSMUSG00000003032
DOD-BXD-PFC-DFP-RNA-Seq-1019,ENSMUSG00000003032
UTHSC_BXD_WB_RNASeq1112,NM_010637
BR_U_0805_M,97538_at
BR_U_0805_P,97538_at
BR_U_0805_R,97538_at
UTHSC_BXD_WB_RNASeqEx1112,NM_010637_1
UTHSC_BXD_WB_RNASeqEx1112,NM_010637_2
UTHSC_BXD_WB_RNASeqEx1112,NM_010637_3
UTHSC_BXD_WB_RNASeqEx1112,NM_010637_4
UTHSC_BXD_WB_RNASeqEx1112,NM_010637_5
BR_U_1105_P,97538_at
DOD-BXD-PFC-CD-RNA-Seq-ComB-1019,ENSMUSG00000003032
DOD-BXD-PFC-CTL-RNA-Seq-ComB-1019,ENSMUSG00000003032
DOD-BXD-PFC-DFP-RNA-Seq-ComB-1019,ENSMUSG00000003032
VUBXDMouseMidBrainQ0512,A_55_P2122020
EPFL-LISP_BXD_Col-CD0917,TC0400002694.mm.2
HC_U_0304_R,97538_at
Striatum_Exon_1212,6921873
EPFL-LISP_BXD_Col-HFD0917,TC0400002694.mm.2
LV_G_0106_M,A_51_P213544
LV_G_0106_F,A_51_P213544
LV_G_0106_B,A_51_P213544
STJ_PLN_0912,1417394_PM_at
STJ_PLN_0912,1417395_PM_at
LV_G_0704_R,A_51_P213544
LV_G_0704_A,A_51_P213544
NIA-AgBXD-Liv_CD-0818,TC0400002694.mm.2
UTHSC_BXD_WB_RNASeq1112,NM_010368
LV_G_0106_M,A_51_P211491
LV_G_0106_F,A_51_P211491
LV_G_0106_B,A_51_P211491
NIA-AgBXD-Liv_CDHFD-0818,TC0400002694.mm.2
NIA-AgBXD-Liv_HFD-0818,TC0400002694.mm.2
UTHSC_BXD_WB_RNASeqEx1112,NM_010368_1
UTHSC_BXD_WB_RNASeqEx1112,NM_010368_2
UTHSC_BXD_WB_RNASeqEx1112,NM_010368_3
UTHSC_BXD_WB_RNASeqEx1112,NM_010368_4
UTHSC_BXD_WB_RNASeqEx1112,NM_010368_5
UTHSC_BXD_WB_RNASeqEx1112,NM_010368_6
UTHSC_BXD_WB_RNASeqEx1112,NM_010368_7
UTHSC_BXD_WB_RNASeqEx1112,NM_010368_8
UTHSC_BXD_WB_RNASeqEx1112,NM_010368_9
UTHSC_BXD_WB_RNASeqEx1112,NM_010368_10
UTHSC_BXD_WB_RNASeqEx1112,NM_010368_11
UTHSC_BXD_WB_RNASeqEx1112,NM_010368_12
LV_G_0704_R,A_51_P211491
LV_G_0704_A,A_51_P211491
UTHSC_BXD_WB_RNASeqtrim1_1112,NM_010368
UTHSC_BXD_HArev3_0912,10534102
UTHSC_BXD_HArev3_0912,10513008
UTHSC_BXD_AgeHipp0515,10534102
UTHSC_BXD_AgeHipp0515,10513008
UTHSC_SPL_RMA_1210,10534102
UTHSC_SPL_RMA_1210,10513008
EPFLMouseMuscleHFDRMAEx1112,10513009
EPFLMouseMuscleHFDRMAEx1112,10513010
EPFLMouseMuscleHFDRMAEx1112,10513011
EPFLMouseMuscleHFDRMAEx1112,10513012
EPFLMouseMuscleHFDRMAEx1112,10513013
EPFLMouseMuscleHFDRMAEx1112,10513014
EPFLMouseMuscleHFDRMAEx1112,10513015
EPFLMouseMuscleHFDRMAEx1112,10534103
EPFLMouseMuscleHFDRMAEx1112,10534104
EPFLMouseMuscleHFDRMAEx1112,10534105
EPFLMouseMuscleHFDRMAEx1112,10534106
EPFLMouseMuscleHFDRMAEx1112,10534107
EPFLMouseMuscleHFDRMAEx1112,10534108
EPFLMouseMuscleHFDRMAEx1112,10534109
EPFLMouseMuscleHFDRMAEx1112,10534110
EPFLMouseMuscleHFDRMAEx1112,10534111
EPFLMouseMuscleHFDRMAEx1112,10534112
EPFLMouseMuscleHFDRMAEx1112,10534113
EPFLMouseMuscleHFDRMAEx1112,10534114
EPFLMouseMuscleHFDRMAEx1112,10534116
EPFLMouseMuscleHFDRMAEx1112,10534117
EPFLMouseMuscleHFDRMAEx1112,10534118
EPFLMouseMuscleHFDRMAEx1112,10534119
UTHSC_SPL_RMAEx_1210,10534103
UTHSC_SPL_RMAEx_1210,10534104
UTHSC_SPL_RMAEx_1210,10534105
UTHSC_SPL_RMAEx_1210,10534106
UTHSC_SPL_RMAEx_1210,10534107
UTHSC_SPL_RMAEx_1210,10534108
UTHSC_SPL_RMAEx_1210,10534109
UTHSC_SPL_RMAEx_1210,10534110
UTHSC_SPL_RMAEx_1210,10534111
UTHSC_SPL_RMAEx_1210,10534112
UTHSC_SPL_RMAEx_1210,10534113
UTHSC_SPL_RMAEx_1210,10534114
UTHSC_SPL_RMAEx_1210,10534116
UTHSC_SPL_RMAEx_1210,10534117
UTHSC_SPL_RMAEx_1210,10534118
UTHSC_SPL_RMAEx_1210,10534119
EPFLMouseLiverRMA0413,10534102
EPFLMouseLiverRMA0413,10513008
EPFL-LISP_BXD_Col-CD+HFD0917,TC0400002694.mm.2
EPFLMouseMuscleCDRMAEx1112,10534103
EPFLMouseMuscleCDRMAEx1112,10534104
EPFLMouseMuscleCDRMAEx1112,10534105
EPFLMouseMuscleCDRMAEx1112,10534106
EPFLMouseMuscleCDRMAEx1112,10534107
EPFLMouseMuscleCDRMAEx1112,10534108
EPFLMouseMuscleCDRMAEx1112,10534109
EPFLMouseMuscleCDRMAEx1112,10534110
EPFLMouseMuscleCDRMAEx1112,10534111
EPFLMouseMuscleCDRMAEx1112,10534112
EPFLMouseMuscleCDRMAEx1112,10534113
EPFLMouseMuscleCDRMAEx1112,10534114
EPFLMouseMuscleCDRMAEx1112,10534116
EPFLMouseMuscleCDRMAEx1112,10534117
EPFLMouseMuscleCDRMAEx1112,10534118
EPFLMouseMuscleCDRMAEx1112,10534119
EPFLMouseMuscleCDRMAEx1112,10513009
EPFLMouseMuscleCDRMAEx1112,10513010
EPFLMouseMuscleCDRMAEx1112,10513011
EPFLMouseMuscleCDRMAEx1112,10513012
EPFLMouseMuscleCDRMAEx1112,10513013
EPFLMouseMuscleCDRMAEx1112,10513014
EPFLMouseMuscleCDRMAEx1112,10513015
INIA_Amg_BLA_RMA_1110,10513008
INIA_Amg_BLA_RMA_1110,10534102
INIA_Hyp_RMA_1110,10513008
INIA_Hyp_RMA_1110,10534102
UTHSC_SPL_RMA_1210M,10534102
UTHSC_SPL_RMA_1210M,10513008
UTHSC_SPL_RMA_1210F,10534102
UTHSC_SPL_RMA_1210F,10513008
UTHSC_GutExL_0414,10513009
UTHSC_GutExL_0414,10513010
UTHSC_GutExL_0414,10513011
UTHSC_GutExL_0414,10513012
UTHSC_GutExL_0414,10513013
UTHSC_GutExL_0414,10513014
UTHSC_GutExL_0414,10513015
UTHSC_GutExL_0414,10534103
UTHSC_GutExL_0414,10534104
UTHSC_GutExL_0414,10534105
UTHSC_GutExL_0414,10534106
UTHSC_GutExL_0414,10534107
UTHSC_GutExL_0414,10534108
UTHSC_GutExL_0414,10534109
UTHSC_GutExL_0414,10534110
UTHSC_GutExL_0414,10534111
UTHSC_GutExL_0414,10534112
UTHSC_GutExL_0414,10534113
UTHSC_GutExL_0414,10534114
UTHSC_GutExL_0414,10534116
UTHSC_GutExL_0414,10534117
UTHSC_GutExL_0414,10534118
UTHSC_GutExL_0414,10534119
EPFLMouseMuscleRMA_Ex1112,10513009
EPFLMouseMuscleRMA_Ex1112,10513010
EPFLMouseMuscleRMA_Ex1112,10513011
EPFLMouseMuscleRMA_Ex1112,10513012
EPFLMouseMuscleRMA_Ex1112,10513013
EPFLMouseMuscleRMA_Ex1112,10513014
EPFLMouseMuscleRMA_Ex1112,10513015
EPFLMouseLiverHFDRMA0818,10534102
EPFLMouseLiverHFDRMA0818,10513008
EPFLMouseLiverCDRMA0818,10534102
EPFLMouseLiverCDRMA0818,10513008
UTHSC_SPLs1_RMA_1210,10534102
UTHSC_SPLs1_RMA_1210,10513008
UTHSC_SPLs2_RMA_1210,10534102
UTHSC_SPLs2_RMA_1210,10513008
UTHSC_BXD_H_0912,10513009
UTHSC_BXD_H_0912,10513010
UTHSC_BXD_H_0912,10513011
UTHSC_BXD_H_0912,10513012
UTHSC_BXD_H_0912,10513013
UTHSC_BXD_H_0912,10513014
UTHSC_BXD_H_0912,10513015
UTHSC_BXD_H_0912,10534103
UTHSC_BXD_H_0912,10534104
UTHSC_BXD_H_0912,10534105
UTHSC_BXD_H_0912,10534106
UTHSC_BXD_H_0912,10534107
UTHSC_BXD_H_0912,10534108
UTHSC_BXD_H_0912,10534109
UTHSC_BXD_H_0912,10534110
UTHSC_BXD_H_0912,10534111
UTHSC_BXD_H_0912,10534112
UTHSC_BXD_H_0912,10534113
UTHSC_BXD_H_0912,10534114
UTHSC_BXD_H_0912,10534116
UTHSC_BXD_H_0912,10534117
UTHSC_BXD_H_0912,10534118
UTHSC_BXD_H_0912,10534119
INIA_Amg_BLA_RMA_F_1110,10513008
INIA_Amg_BLA_RMA_F_1110,10534102
EPFLMouseLiverCDEx0413,10513009
EPFLMouseLiverCDEx0413,10513010
EPFLMouseLiverCDEx0413,10513011
EPFLMouseLiverCDEx0413,10513012
EPFLMouseLiverCDEx0413,10513013
EPFLMouseLiverCDEx0413,10513014
EPFLMouseLiverCDEx0413,10513015
EPFLMouseLiverCDEx0413,10534103
EPFLMouseLiverCDEx0413,10534104
EPFLMouseLiverCDEx0413,10534105
EPFLMouseLiverCDEx0413,10534106
EPFLMouseLiverCDEx0413,10534107
EPFLMouseLiverCDEx0413,10534108
EPFLMouseLiverCDEx0413,10534109
EPFLMouseLiverCDEx0413,10534110
EPFLMouseLiverCDEx0413,10534111
EPFLMouseLiverCDEx0413,10534112
EPFLMouseLiverCDEx0413,10534113
EPFLMouseLiverCDEx0413,10534114
EPFLMouseLiverCDEx0413,10534116
EPFLMouseLiverCDEx0413,10534117
EPFLMouseLiverCDEx0413,10534118
EPFLMouseLiverCDEx0413,10534119
INIA_Amg_BLA_RMA_M_1110,10513008
INIA_Amg_BLA_RMA_M_1110,10534102
INIA_Hyp_F_RMA_1110,10513008
INIA_Hyp_F_RMA_1110,10534102
INIA_Hyp_M_RMA_1110,10513008
INIA_Hyp_M_RMA_1110,10534102
EPFLMouseMuscleRMA1211,10534102
EPFLMouseMuscleRMA1211,10513008
EPFLMouseMuscleCDRMA1211,10534102
EPFLMouseMuscleCDRMA1211,10513008
EPFLMouseMuscleHFDRMA1211,10534102
EPFLMouseMuscleHFDRMA1211,10513008
SUH_Liv_RMAEx_0611,10513009
SUH_Liv_RMAEx_0611,10513010
SUH_Liv_RMAEx_0611,10513011
SUH_Liv_RMAEx_0611,10513012
SUH_Liv_RMAEx_0611,10513013
SUH_Liv_RMAEx_0611,10513014
SUH_Liv_RMAEx_0611,10513015
SUH_Liv_RMAEx_0611,10534103
SUH_Liv_RMAEx_0611,10534104
SUH_Liv_RMAEx_0611,10534105
SUH_Liv_RMAEx_0611,10534106
SUH_Liv_RMAEx_0611,10534107
SUH_Liv_RMAEx_0611,10534108
SUH_Liv_RMAEx_0611,10534109
SUH_Liv_RMAEx_0611,10534110
SUH_Liv_RMAEx_0611,10534111
SUH_Liv_RMAEx_0611,10534112
SUH_Liv_RMAEx_0611,10534113
SUH_Liv_RMAEx_0611,10534114
SUH_Liv_RMAEx_0611,10534116
SUH_Liv_RMAEx_0611,10534117
SUH_Liv_RMAEx_0611,10534118
SUH_Liv_RMAEx_0611,10534119
EPFLMouseLiverCDHFDRMA0818,10534102
EPFLMouseLiverCDHFDRMA0818,10513008
BR_U_0805_M,99622_at
BR_U_0805_P,99622_at
BR_U_0805_R,99622_at
UTHSC_SPL_RMA_1010,10534102
UTHSC_SPL_RMA_1010,10513008
INIA_AmgCoh_0311,10513008
INIA_AmgCoh_0311,10534102
SUH_Liv_RMA_0611,10513008
SUH_Liv_RMA_0611,10534102
UTHSC_GutGL_0414,10534102
UTHSC_GutGL_0414,10513008
EPFLMouseLiverHFCEx0413,10513009
EPFLMouseLiverHFCEx0413,10513010
EPFLMouseLiverHFCEx0413,10513011
EPFLMouseLiverHFCEx0413,10513012
EPFLMouseLiverHFCEx0413,10513013
EPFLMouseLiverHFCEx0413,10513014
EPFLMouseLiverHFCEx0413,10513015
EPFLMouseLiverHFCEx0413,10534103
EPFLMouseLiverHFCEx0413,10534104
EPFLMouseLiverHFCEx0413,10534105
EPFLMouseLiverHFCEx0413,10534106
EPFLMouseLiverHFCEx0413,10534107
EPFLMouseLiverHFCEx0413,10534108
EPFLMouseLiverHFCEx0413,10534109
EPFLMouseLiverHFCEx0413,10534110
EPFLMouseLiverHFCEx0413,10534111
EPFLMouseLiverHFCEx0413,10534112
EPFLMouseLiverHFCEx0413,10534113
EPFLMouseLiverHFCEx0413,10534114
EPFLMouseLiverHFCEx0413,10534116
EPFLMouseLiverHFCEx0413,10534117
EPFLMouseLiverHFCEx0413,10534118
EPFLMouseLiverHFCEx0413,10534119
INIA_Hyp_PCA_0813_v2,10513008
INIA_Hyp_PCA_0813_v2,10534102
INIA_Hyp_PCA_0813_v3,10513008
INIA_Hyp_PCA_0813_v3,10534102
INIA_Hyp_PCA_0813_v4,10513008
INIA_Hyp_PCA_0813_v4,10534102
EPFLMouseLiverHFDRMA0413,10534102
EPFLMouseLiverHFDRMA0413,10513008
EPFLMouseLiverCDRMA0413,10534102
EPFLMouseLiverCDRMA0413,10513008
EPFLMouseMuscleRMA_Ex1112,10534103
EPFLMouseMuscleRMA_Ex1112,10534104
EPFLMouseMuscleRMA_Ex1112,10534105
EPFLMouseMuscleRMA_Ex1112,10534106
EPFLMouseMuscleRMA_Ex1112,10534107
EPFLMouseMuscleRMA_Ex1112,10534108
EPFLMouseMuscleRMA_Ex1112,10534109
EPFLMouseMuscleRMA_Ex1112,10534110
EPFLMouseMuscleRMA_Ex1112,10534111
EPFLMouseMuscleRMA_Ex1112,10534112
EPFLMouseMuscleRMA_Ex1112,10534113
EPFLMouseMuscleRMA_Ex1112,10534114
EPFLMouseMuscleRMA_Ex1112,10534116
EPFLMouseMuscleRMA_Ex1112,10534117
EPFLMouseMuscleRMA_Ex1112,10534118
EPFLMouseMuscleRMA_Ex1112,10534119
EPFLMouseLiverBothExRMA0413,10513009
EPFLMouseLiverBothExRMA0413,10513010
EPFLMouseLiverBothExRMA0413,10513011
EPFLMouseLiverBothExRMA0413,10513012
EPFLMouseLiverBothExRMA0413,10513013
EPFLMouseLiverBothExRMA0413,10513014
EPFLMouseLiverBothExRMA0413,10513015
EPFLMouseLiverBothExRMA0413,10534103
EPFLMouseLiverBothExRMA0413,10534104
EPFLMouseLiverBothExRMA0413,10534105
EPFLMouseLiverBothExRMA0413,10534106
EPFLMouseLiverBothExRMA0413,10534107
EPFLMouseLiverBothExRMA0413,10534108
EPFLMouseLiverBothExRMA0413,10534109
EPFLMouseLiverBothExRMA0413,10534110
EPFLMouseLiverBothExRMA0413,10534111
EPFLMouseLiverBothExRMA0413,10534112
EPFLMouseLiverBothExRMA0413,10534113
EPFLMouseLiverBothExRMA0413,10534114
EPFLMouseLiverBothExRMA0413,10534116
EPFLMouseLiverBothExRMA0413,10534117
EPFLMouseLiverBothExRMA0413,10534118
EPFLMouseLiverBothExRMA0413,10534119
UTHSC_SPL_RMAEx_1210,10513009
UTHSC_SPL_RMAEx_1210,10513010
UTHSC_SPL_RMAEx_1210,10513011
UTHSC_SPL_RMAEx_1210,10513012
UTHSC_SPL_RMAEx_1210,10513013
UTHSC_SPL_RMAEx_1210,10513014
UTHSC_SPL_RMAEx_1210,10513015
INIA_Hyp_PCA_0813,10513008
INIA_Hyp_PCA_0813,10534102
BR_U_1105_P,99622_at
HZI_PR8M-F_1014,NM_010637
Striatum_Exon_1212,6942192
UTHSC_BXD_MamGland_cpm_0322,NM_010368
UTHSC_BXD_MamGland_tum_0322,NM_001357025
UTHSC_BXD_MamGland_tum_0322,NM_001357026
UTHSC_BXD_MamGland_tum_0322,NM_001357027
UTHSC_BXD_MamGland_tum_0322,NM_010368
UTHSC_BXD_MamGland_cpmNtum_0322,NM_001357025
UTHSC_BXD_MamGland_cpmNtum_0322,NM_001357026
UTHSC_BXD_MamGland_cpmNtum_0322,NM_001357027
UTHSC_BXD_MamGland_cpmNtum_0322,NM_010368
EPFLADGL1013,17453160
UTHSC_BXD_MamGland_ca_0322,NM_001357025
UTHSC_BXD_MamGland_ca_0322,NM_001357026
UTHSC_BXD_MamGland_ca_0322,NM_001357027
UTHSC_BXD_MamGland_ca_0322,NM_010368
UTHSC_BXD_MamGland_cpm_0322,NM_001357025
UTHSC_BXD_MamGland_cpm_0322,NM_001357026
UTHSC_BXD_MamGland_cpm_0322,NM_001357027
EPFL_AdiPro0416,17453160
EPFL_AdiMitPro0416,17453160
DoDTATRCRetBLMoGene2_0316,17453160
DoDCMMRPRetMoGene2Ex_0515,17453161
DoDCMMRPRetMoGene2Ex_0515,17453162
DoDCMMRPRetMoGene2Ex_0515,17453163
DoDCMMRPRetMoGene2Ex_0515,17453164
DoDCMMRPRetMoGene2Ex_0515,17453165
DoDCMMRPRetMoGene2Ex_0515,17453166
DoDCMMRPRetMoGene2Ex_0515,17453167
DoDCMMRPRetMoGene2Ex_0515,17453168
DoDCMMRPRetMoGene2Ex_0515,17453169
DoDCMMRPRetMoGene2Ex_0515,17453170
DoDCMMRPRetMoGene2Ex_0515,17453171
DoDCMMRPRetMoGene2Ex_0515,17453172
DoDCMMRPRetMoGene2Ex_0515,17453173
DoDCMMRPRetMoGene2Ex_0515,17453175
DoDCMMRPRetMoGene2Ex_0515,17453176
DoDCMMRPRetMoGene2Ex_0515,17453177
DoDCMMRPRetMoGene2Ex_0515,17453178
DoDRetBlastvsNormal_0416,17453160
DoDCMMRPRetMoGene2_0515,17453160
EPFLADEL1013,17453161
EPFLADEL1013,17453162
EPFLADEL1013,17453163
EPFLADEL1013,17453164
EPFLADEL1013,17453165
EPFLADEL1013,17453166
EPFLADEL1013,17453167
EPFLADEL1013,17453168
EPFLADEL1013,17453169
EPFLADEL1013,17453170
EPFLADEL1013,17453171
EPFLADEL1013,17453172
EPFLADEL1013,17453173
EPFLADEL1013,17453175
EPFLADEL1013,17453176
EPFLADEL1013,17453177
EPFLADEL1013,17453178
INIA_Hyp_RMA_Ex-1110,10513009
INIA_Hyp_RMA_Ex-1110,10513010
INIA_Hyp_RMA_Ex-1110,10513011
INIA_Hyp_RMA_Ex-1110,10513012
INIA_Hyp_RMA_Ex-1110,10513013
INIA_Hyp_RMA_Ex-1110,10513014
INIA_Hyp_RMA_Ex-1110,10513015
INIA_Hyp_RMA_Ex-1110,10534103
INIA_Hyp_RMA_Ex-1110,10534104
INIA_Hyp_RMA_Ex-1110,10534105
INIA_Hyp_RMA_Ex-1110,10534106
INIA_Hyp_RMA_Ex-1110,10534107
INIA_Hyp_RMA_Ex-1110,10534108
INIA_Hyp_RMA_Ex-1110,10534109
INIA_Hyp_RMA_Ex-1110,10534110
INIA_Hyp_RMA_Ex-1110,10534111
INIA_Hyp_RMA_Ex-1110,10534112
INIA_Hyp_RMA_Ex-1110,10534113
INIA_Hyp_RMA_Ex-1110,10534114
INIA_Hyp_RMA_Ex-1110,10534116
INIA_Hyp_RMA_Ex-1110,10534117
INIA_Hyp_RMA_Ex-1110,10534118
INIA_Hyp_RMA_Ex-1110,10534119
DoDRetBlastvsNormalEx_0416,17453161
DoDRetBlastvsNormalEx_0416,17453162
DoDRetBlastvsNormalEx_0416,17453163
DoDRetBlastvsNormalEx_0416,17453164
DoDRetBlastvsNormalEx_0416,17453165
DoDRetBlastvsNormalEx_0416,17453166
DoDRetBlastvsNormalEx_0416,17453167
DoDRetBlastvsNormalEx_0416,17453168
DoDRetBlastvsNormalEx_0416,17453169
DoDRetBlastvsNormalEx_0416,17453170
DoDRetBlastvsNormalEx_0416,17453171
DoDRetBlastvsNormalEx_0416,17453172
DoDRetBlastvsNormalEx_0416,17453173
DoDRetBlastvsNormalEx_0416,17453175
DoDRetBlastvsNormalEx_0416,17453176
DoDRetBlastvsNormalEx_0416,17453177
DoDRetBlastvsNormalEx_0416,17453178
DoDTATRCRetBLMoGene2E_0316,17453161
DoDTATRCRetBLMoGene2E_0316,17453162
DoDTATRCRetBLMoGene2E_0316,17453163
DoDTATRCRetBLMoGene2E_0316,17453164
DoDTATRCRetBLMoGene2E_0316,17453165
DoDTATRCRetBLMoGene2E_0316,17453166
DoDTATRCRetBLMoGene2E_0316,17453167
DoDTATRCRetBLMoGene2E_0316,17453168
DoDTATRCRetBLMoGene2E_0316,17453169
DoDTATRCRetBLMoGene2E_0316,17453170
DoDTATRCRetBLMoGene2E_0316,17453171
DoDTATRCRetBLMoGene2E_0316,17453172
DoDTATRCRetBLMoGene2E_0316,17453173
DoDTATRCRetBLMoGene2E_0316,17453175
DoDTATRCRetBLMoGene2E_0316,17453176
DoDTATRCRetBLMoGene2E_0316,17453177
DoDTATRCRetBLMoGene2E_0316,17453178
UTHSC-VGX_MmBXDHepatocytesRMA1014,10534102
UTHSC-VGX_MmBXDHepatocytesRMA1014,10513008
HC_U_0304_R,99622_at
INIA_Amg_BLA_Ex-RMA_1110,10513009
INIA_Amg_BLA_Ex-RMA_1110,10513010
INIA_Amg_BLA_Ex-RMA_1110,10513011
INIA_Amg_BLA_Ex-RMA_1110,10513012
INIA_Amg_BLA_Ex-RMA_1110,10513013
INIA_Amg_BLA_Ex-RMA_1110,10513014
INIA_Amg_BLA_Ex-RMA_1110,10513015
INIA_Amg_BLA_Ex-RMA_1110,10534103
INIA_Amg_BLA_Ex-RMA_1110,10534104
INIA_Amg_BLA_Ex-RMA_1110,10534105
INIA_Amg_BLA_Ex-RMA_1110,10534106
INIA_Amg_BLA_Ex-RMA_1110,10534107
INIA_Amg_BLA_Ex-RMA_1110,10534108
INIA_Amg_BLA_Ex-RMA_1110,10534109
INIA_Amg_BLA_Ex-RMA_1110,10534110
INIA_Amg_BLA_Ex-RMA_1110,10534111
INIA_Amg_BLA_Ex-RMA_1110,10534112
INIA_Amg_BLA_Ex-RMA_1110,10534113
INIA_Amg_BLA_Ex-RMA_1110,10534114
INIA_Amg_BLA_Ex-RMA_1110,10534116
INIA_Amg_BLA_Ex-RMA_1110,10534117
INIA_Amg_BLA_Ex-RMA_1110,10534118
INIA_Amg_BLA_Ex-RMA_1110,10534119
INIA_Pituitary_RMA_M_0612,10513008
INIA_Pituitary_RMA_M_0612,10534102
INIA_Adrenal_RMA_0612,10513008
INIA_Adrenal_RMA_0612,10534102
INIA_PG_RMA_0612,10513008
INIA_PG_RMA_0612,10534102
INIA_Adrenal_RMA_M_0612,10513008
INIA_Adrenal_RMA_M_0612,10534102
INIA_Adrenal_RMA_F_0612,10513008
INIA_Adrenal_RMA_F_0612,10534102
INIA_Pituitary_RMA_F_0612,10513008
INIA_Pituitary_RMA_F_0612,10534102
INIA_PG_RMA_Ex_0612,10513009
INIA_PG_RMA_Ex_0612,10513010
INIA_PG_RMA_Ex_0612,10513011
INIA_PG_RMA_Ex_0612,10513012
INIA_PG_RMA_Ex_0612,10513013
INIA_PG_RMA_Ex_0612,10513014
INIA_PG_RMA_Ex_0612,10513015
EPFLETHZBXDprotCD_LS1114,LVQSGPLTTC_R_2
UT-VGX_HEL1014,10513009
UT-VGX_HEL1014,10513010
UT-VGX_HEL1014,10513011
UT-VGX_HEL1014,10513012
UT-VGX_HEL1014,10513013
UT-VGX_HEL1014,10513014
UT-VGX_HEL1014,10513015
UT-VGX_HEL1014,10534103
UT-VGX_HEL1014,10534104
UT-VGX_HEL1014,10534105
UT-VGX_HEL1014,10534106
UT-VGX_HEL1014,10534107
UT-VGX_HEL1014,10534108
UT-VGX_HEL1014,10534109
UT-VGX_HEL1014,10534110
UT-VGX_HEL1014,10534111
UT-VGX_HEL1014,10534112
UT-VGX_HEL1014,10534113
UT-VGX_HEL1014,10534114
UT-VGX_HEL1014,10534116
UT-VGX_HEL1014,10534117
UT-VGX_HEL1014,10534118
UT-VGX_HEL1014,10534119
EPFLETHZBXDprotCD0514,LVQSGPLTTC_R_2
EPFLETHZBXDprotHFD0514,LVQSGPLTTC_R_2
EPFLETHZBXDprotHF_LS1114,LVQSGPLTTC_R_2
INIA_Adrenal_RMA_Ex_0612,10513009
INIA_Adrenal_RMA_Ex_0612,10513010
INIA_Adrenal_RMA_Ex_0612,10513011
INIA_Adrenal_RMA_Ex_0612,10513012
INIA_Adrenal_RMA_Ex_0612,10513013
INIA_Adrenal_RMA_Ex_0612,10513014
INIA_Adrenal_RMA_Ex_0612,10513015
INIA_Adrenal_RMA_Ex_0612,10534103
INIA_Adrenal_RMA_Ex_0612,10534104
INIA_Adrenal_RMA_Ex_0612,10534105
INIA_Adrenal_RMA_Ex_0612,10534106
INIA_Adrenal_RMA_Ex_0612,10534107
INIA_Adrenal_RMA_Ex_0612,10534108
INIA_Adrenal_RMA_Ex_0612,10534109
INIA_Adrenal_RMA_Ex_0612,10534110
INIA_Adrenal_RMA_Ex_0612,10534111
INIA_Adrenal_RMA_Ex_0612,10534112
INIA_Adrenal_RMA_Ex_0612,10534113
INIA_Adrenal_RMA_Ex_0612,10534114
INIA_Adrenal_RMA_Ex_0612,10534116
INIA_Adrenal_RMA_Ex_0612,10534117
INIA_Adrenal_RMA_Ex_0612,10534118
INIA_Adrenal_RMA_Ex_0612,10534119
INIA_PG_RMA_Ex_0612,10534103
INIA_PG_RMA_Ex_0612,10534104
INIA_PG_RMA_Ex_0612,10534105
INIA_PG_RMA_Ex_0612,10534106
INIA_PG_RMA_Ex_0612,10534107
INIA_PG_RMA_Ex_0612,10534108
INIA_PG_RMA_Ex_0612,10534109
INIA_PG_RMA_Ex_0612,10534110
INIA_PG_RMA_Ex_0612,10534111
INIA_PG_RMA_Ex_0612,10534112
INIA_PG_RMA_Ex_0612,10534113
INIA_PG_RMA_Ex_0612,10534114
INIA_PG_RMA_Ex_0612,10534116
INIA_PG_RMA_Ex_0612,10534117
INIA_PG_RMA_Ex_0612,10534118
INIA_PG_RMA_Ex_0612,10534119
UTHSC_BXD_Hip_PostD7CtrlBS_1121,TC0500003313.mm.2
UTHSC_BXD_Hip_PostD7EtohBS_1121,TC0500003313.mm.2
UTHSC_BXD_Hip_PostD7CtrlF_1121,TC0500003313.mm.2
UTHSC_BXD_Hip_PostD7CtrlM_1121,TC0500003313.mm.2
UMUTAffyExon_0209_RMA,4894339
UMUTAffyExon_0209_RMA,4902181
UMUTAffyExon_0209_RMA,4932647
Striatum_Exon_0209,4307436
EPFL-LISPBXDHeHFDEx0114,17453161
EPFL-LISPBXDHeHFDEx0114,17453162
EPFL-LISPBXDHeHFDEx0114,17453163
EPFL-LISPBXDHeHFDEx0114,17453164
EPFL-LISPBXDHeHFDEx0114,17453165
EPFL-LISPBXDHeHFDEx0114,17453166
EPFL-LISPBXDHeHFDEx0114,17453167
EPFL-LISPBXDHeHFDEx0114,17453168
EPFL-LISPBXDHeHFDEx0114,17453169
EPFL-LISPBXDHeHFDEx0114,17453170
EPFL-LISPBXDHeHFDEx0114,17453171
EPFL-LISPBXDHeHFDEx0114,17453172
EPFL-LISPBXDHeHFDEx0114,17453173
EPFL-LISPBXDHeHFDEx0114,17453175
EPFL-LISPBXDHeHFDEx0114,17453176
EPFL-LISPBXDHeHFDEx0114,17453177
EPFL-LISPBXDHeHFDEx0114,17453178
UMUTAffyExon_0209_RMA,4979513
Striatum_Exon_0209,4571010
Striatum_Exon_0209,4599999
EPFL-LISPBXDHeCD0114,17453160
EPFL-LISPBXDHeHFD0114,17453160
Striatum_Exon_0209,4894339
Striatum_Exon_0209,4902181
Striatum_Exon_0209,4932647
UMUTAffyExon_0209_RMA,5508466
Striatum_Exon_0209,5176628
UTHSC_BXD_Hip_PostD7EtohF_1121,TC0500003313.mm.2
UTHSC_BXD_Hip_PostD7EtohM_1121,TC0500003313.mm.2
UMUTAffyExon_0209_RMA,5176628
EL_BXDCDScWAT_0216,TC0500003313.mm.1
EPFL-LISPBXDHeCDEx0114,17453161
EPFL-LISPBXDHeCDEx0114,17453162
EPFL-LISPBXDHeCDEx0114,17453163
EPFL-LISPBXDHeCDEx0114,17453164
EPFL-LISPBXDHeCDEx0114,17453165
EPFL-LISPBXDHeCDEx0114,17453166
EPFL-LISPBXDHeCDEx0114,17453167
EPFL-LISPBXDHeCDEx0114,17453168
EPFL-LISPBXDHeCDEx0114,17453169
EPFL-LISPBXDHeCDEx0114,17453170
EPFL-LISPBXDHeCDEx0114,17453171
EPFL-LISPBXDHeCDEx0114,17453172
EPFL-LISPBXDHeCDEx0114,17453173
EPFL-LISPBXDHeCDEx0114,17453175
EPFL-LISPBXDHeCDEx0114,17453176
EPFL-LISPBXDHeCDEx0114,17453177
EPFL-LISPBXDHeCDEx0114,17453178
UTHSCWGU88BFFEx1013,17453161
UTHSCWGU88BFFEx1013,17453162
UTHSCWGU88BFFEx1013,17453163
UTHSCWGU88BFFEx1013,17453164
UTHSCWGU88BFFEx1013,17453165
UTHSCWGU88BFFEx1013,17453166
UTHSCWGU88BFFEx1013,17453167
UTHSCWGU88BFFEx1013,17453168
UTHSCWGU88BFFEx1013,17453169
UTHSCWGU88BFFEx1013,17453170
UTHSCWGU88BFFEx1013,17453171
UTHSCWGU88BFFEx1013,17453172
UTHSCWGU88BFFEx1013,17453173
UTHSCWGU88BFFEx1013,17453175
UTHSCWGU88BFFEx1013,17453176
UTHSCWGU88BFFEx1013,17453177
UTHSCWGU88BFFEx1013,17453178
UTHSCWGU88BFMEx1013,17453161
UTHSCWGU88BFMEx1013,17453162
UTHSCWGU88BFMEx1013,17453163
UTHSCWGU88BFMEx1013,17453164
UTHSCWGU88BFMEx1013,17453165
UTHSCWGU88BFMEx1013,17453166
UTHSCWGU88BFMEx1013,17453167
UTHSCWGU88BFMEx1013,17453168
UTHSCWGU88BFMEx1013,17453169
UTHSCWGU88BFMEx1013,17453170
UTHSCWGU88BFMEx1013,17453171
UTHSCWGU88BFMEx1013,17453172
UTHSCWGU88BFMEx1013,17453173
UTHSCWGU88BFMEx1013,17453175
UTHSCWGU88BFMEx1013,17453176
UTHSCWGU88BFMEx1013,17453177
UTHSCWGU88BFMEx1013,17453178
Striatum_Exon_0209,5508466
UTHSCWGU88BFMG1013,17453160
EL_BXDCDHFDScWAT_0216,TC0500003313.mm.1
EL_BXDHFDScWAT_0216,TC0500003313.mm.1
UTHSCWGU88BFFG1013,17453160
Striatum_Exon_0209,5295984
UMUTAffyExon_0209_RMA,4307436
HZI_LungBXD_RNA-Seq_1116,ENSMUSG00000003032
UMUTAffyExon_0209_RMA,4571010
UMUTAffyExon_0209_RMA,4599999
Striatum_Exon_0209,4979513
Striatum_Exon_0209,5052268
UMUTAffyExon_0209_RMA,5052268
UMUTAffyExon_0209_RMA,5295984
MA_M2_0806_P,1430332_a_at
MA_M2_0806_R,1430332_a_at
GenEx_BXD_liverEt_RMA_0211,1430332_a_at
HZI_0408_R,1430332_a_at
HZI_0408_M,1430332_a_at
GenEx_BXD_liverEt_M5F_0912,1430332_a_at
Eye_M2_0908_R_NB,1430332_a_at
GenEx_BXD_CerebEt_RMA_M_0213,1430332_a_at
GenEx_BXD_CerebSal_RMA_0213,1430332_a_at
GenEx_BXD_CerebSal_RMA_F_0213,1430332_a_at
HZI_PR8M-F_1014,NM_010368
UTHSC-Neut_EL-1014,17453161
UTHSC-Neut_EL-1014,17453162
UTHSC-Neut_EL-1014,17453163
UTHSC-Neut_EL-1014,17453164
UTHSC-Neut_EL-1014,17453165
UTHSC-Neut_EL-1014,17453166
UTHSC-Neut_EL-1014,17453167
UTHSC-Neut_EL-1014,17453168
UTHSC-Neut_EL-1014,17453169
UTHSC-Neut_EL-1014,17453170
UTHSC-Neut_EL-1014,17453171
UTHSC-Neut_EL-1014,17453172
UTHSC-Neut_EL-1014,17453173
UTHSC-Neut_EL-1014,17453175
UTHSC-Neut_EL-1014,17453176
UTHSC-Neut_EL-1014,17453177
UTHSC-Neut_EL-1014,17453178
UCLA_BXD_Liv_Jan16,1430332_a_at
UCLA_BXD_Aor_Jan16,1430332_a_at
CB_M_1003_M,1430332_a_at_A
gn10,1430332_a_at
CB_M_0305_P,1430332_a_at_A
CB_M_0305_R,1430332_a_at_A
GSE16780_UCLA_ML0911,1430332_a_at_A
Eye_M2_0908_R_WT,1430332_a_at
Eye_M2_0908_R_MT,1430332_a_at
GenEx_BXD_CerebSal_RMA_M_0213,1430332_a_at
IBR_M_0106_R,1430332_a_at_A
MA_M2F_0706_R,1430332_a_at
MA_M2M_0706_R,1430332_a_at
MA_M2_0706_R,1430332_a_at
MA_M2_0706_P,1430332_a_at
UTHSC-Neut-1014,17453160
GenEx_BXD_CerebEt_RMA_0213,1430332_a_at
GenEx_BXD_CerebEt_RMA_F_0213,1430332_a_at
CB_M_1004_R,1430332_a_at_A
CB_M_0305_M,1430332_a_at_A
GenEx_BXD_liverSal_RMA_F_0211,1430332_a_at
HC_M2_0606_P,1430332_a_at
IBR_M_0606_R,1430332_a_at_A
HC_M2_0606_R,1430332_a_at
HC_M2_0606_M,1430332_a_at
GCB_M2_0505_M,1430332_a_at
GCB_M2_0505_R,1430332_a_at
GCB_M2_0505_P,1430332_a_at
IBR_M_0106_P,1430332_a_at_A
Eye_M2_0908_WTWT,1430332_a_at
BR_M2_1106_R,1430332_a_at
GenEx_BXD_liverEt_M5_0912,1430332_a_at
GenEx_BXD_liverEt_M5M_0912,1430332_a_at
IoP_SPL_RMA_0509,1430332_a_at
SA_M2_0405_PC,1430332_a_at
SA_M2_0405_RC,1430332_a_at
Striatum_Exon_0209,5313114
Eye_M2_0908_R,1430332_a_at
GenEx_BXD_liverEt_RMA_M_0211,1430332_a_at
GenEx_BXD_liverEt_RMA_F_0211,1430332_a_at
BXD_GLA_0911,1430332_a_at
CB_M_0204_P,1430332_a_at_A
CB_M_1004_M,1430332_a_at_A
CB_M_1004_P,1430332_a_at_A
SA_M2_0405_MC,1430332_a_at
SA_M2_0405_RR,1430332_a_at
DOD-BXD-PFC-CD-RNA-Seq-1019,ENSMUSG00000025534
GenEx_BXD_liverSal_RMA_0211,1430332_a_at
GenEx_BXD_liverSal_RMA_M_0211,1430332_a_at
Eye_M2_0908_R_ND,1430332_a_at
UMUTAffyExon_0209_RMA,5313114
DOD-BXD-PFC-CTL-RNA-Seq-1019,ENSMUSG00000025534
DOD-BXD-PFC-DFP-RNA-Seq-1019,ENSMUSG00000025534
HC_M2_1205_P,1430332_a_at
MA_M2_0806_P,1417395_at
MA_M2_0806_R,1417395_at
GenEx_BXD_liverEt_RMA_0211,1417395_at
HZI_0408_R,1417395_at
HZI_0408_M,1417395_at
Eye_M2_0908_R_NB,1417395_at
GenEx_BXD_CerebSal_RMA_0213,1417395_at
GenEx_BXD_CerebSal_RMA_F_0213,1417395_at
UCLA_BXD_Liv_Jan16,1417395_at
UCLA_BXD_Aor_Jan16,1417395_at
CB_M_1003_M,1417395_at_A
gn10,1417395_at
CB_M_0305_P,1417395_at_A
CB_M_0305_R,1417395_at_A
Eye_M2_0908_R_MT,1417395_at
Eye_M2_0908_R_WT,1417395_at
GenEx_BXD_CerebSal_RMA_M_0213,1417395_at
IBR_M_0106_R,1417395_at_A
MA_M2F_0706_R,1417395_at
MA_M2M_0706_R,1417395_at
MA_M2_0706_R,1417395_at
MA_M2_0706_P,1417395_at
GenEx_BXD_CerebEt_RMA_0213,1417395_at
GenEx_BXD_CerebEt_RMA_F_0213,1417395_at
GenEx_BXD_CerebEt_RMA_M_0213,1417395_at
CB_M_1004_R,1417395_at_A
CB_M_0305_M,1417395_at_A
GenEx_BXD_liverSal_RMA_F_0211,1417395_at
HC_M2_0606_P,1417395_at
IBR_M_0606_R,1417395_at_A
HC_M2_0606_R,1417395_at
HC_M2_0606_M,1417395_at
GCB_M2_0505_R,1417395_at
GCB_M2_0505_P,1417395_at
IBR_M_0106_P,1417395_at_A
BR_U_0805_M,161185_i_at
BR_U_0805_P,161185_i_at
BR_U_0805_R,161185_i_at
Eye_M2_0908_WTWT,1417395_at
GSE16780_UCLA_ML0911,1417395_at_A
CB_M_0204_P,1417395_at_A
CRTD_HipPreCell1214,ILM-R13_16600
BR_M2_1106_R,1417395_at
GenEx_BXD_liverEt_M5_0912,1417395_at
GenEx_BXD_liverEt_M5M_0912,1417395_at
GenEx_BXD_liverEt_M5F_0912,1417395_at
IoP_SPL_RMA_0509,1417395_at
SA_M2_0405_RC,1417395_at
GCB_M2_0505_M,1417395_at
Eye_M2_0908_R,1417395_at
GenEx_BXD_liverEt_RMA_M_0211,1417395_at
GenEx_BXD_liverEt_RMA_F_0211,1417395_at
BXD_GLA_0911,1417395_at
CB_M_1004_M,1417395_at_A
CB_M_1004_P,1417395_at_A
SA_M2_0405_MC,1417395_at
SA_M2_0405_RR,1417395_at
SA_M2_0405_PC,1417395_at
GenEx_BXD_liverSal_RMA_0211,1417395_at
GenEx_BXD_liverSal_RMA_M_0211,1417395_at
Eye_M2_0908_R_ND,1417395_at
BR_U_1105_P,161185_i_at
HC_M2_1205_P,1417395_at
VCUSalo_1007_R,1430332_a_at
DOD-BXD-PFC-CD-RNA-Seq-ComB-1019,ENSMUSG00000025534
VCU_BXD_Nac_CIE_EtZ_0416,1430332_a_at
DOD-BXD-PFC-CTL-RNA-Seq-ComB-1019,ENSMUSG00000025534
DOD-BXD-PFC-DFP-RNA-Seq-ComB-1019,ENSMUSG00000025534
VCUSal_1206_R,1430332_a_at
UTHSC-BXD-Harv_Liv_TPM_log2_1019,ENSMUST00000026613
UTHSC-BXD-Harv_Liv_TPM_log2_1019,ENSMUST00000111308
UTHSC-BXD-Harv_Liv_TPM_log2_1019,ENSMUST00000111307
VCU_PF_Et_0111_R,1430332_a_at
VCU_PF_Air_0111_R,1430332_a_at
VCU_NAc_AvE_0113_Ss,1430332_a_at
VCU_NAc_Et_0113_R,1430332_a_at
VCU_NAc_Air_0113_R,1430332_a_at
VCU_BXD_PFC_CIE_Air_0416,1430332_a_at
VCU_BXD_PFC_CIE_AirZ_0416,1430332_a_at
VCUSal_1007_R,1430332_a_at
VCUEtOH_1007_R,1430332_a_at
VCU_BXD_Nac_CIE_AirZ_0416,1430332_a_at
VCU_BXD_Nac_CIE_Et_0416,1430332_a_at
VCUEtOH_1206_R,1430332_a_at
VCUSal_1006_R,1430332_a_at
VCU_BXD_PFC_CIE_Et_0416,1430332_a_at
VCU_BXD_PFC_CIE_EtZ_0416,1430332_a_at
VCU_BXD_Nac_CIE_Air_0416,1430332_a_at
VCU_PF_AvE_0111_Ss,1430332_a_at
VCUSalo_1007_R,1417395_at
EPFL-LISP_BXD_Col-CD0917,TC0500003313.mm.2
HC_U_0304_R,161185_i_at
DBA2J-ONH-1212,1430332_a_at
EPFL-LISP_BXD_Col-HFD0917,TC0500003313.mm.2
VCU_BXD_Nac_CIE_EtZ_0416,1417395_at
VCUSal_1206_R,1417395_at
VCU_PF_Air_0111_R,1417395_at
VCU_NAc_AvE_0113_Ss,1417395_at
VCU_NAc_Et_0113_R,1417395_at
VCU_NAc_Air_0113_R,1417395_at
VCU_BXD_PFC_CIE_Air_0416,1417395_at
VCU_BXD_PFC_CIE_AirZ_0416,1417395_at
VCUSal_1007_R,1417395_at
VCUEtOH_1007_R,1417395_at
VCU_BXD_Nac_CIE_AirZ_0416,1417395_at
VCU_BXD_Nac_CIE_Et_0416,1417395_at
VCUEtOH_1206_R,1417395_at
VCUSal_1006_R,1417395_at
VCU_BXD_PFC_CIE_Et_0416,1417395_at
VCU_BXD_PFC_CIE_EtZ_0416,1417395_at
VCU_BXD_Nac_CIE_Air_0416,1417395_at
VCU_PF_AvE_0111_Ss,1417395_at
VCU_PF_Et_0111_R,1417395_at
Striatum_Exon_0209,4381851
Striatum_Exon_0209,4414706
Striatum_Exon_0209,4309595
NIA-AgBXD-Liv_CD-0818,TC0500003313.mm.2
UMUTAffyExon_0209_RMA,5379354
UMUTAffyExon_0209_RMA,5411269
UMUTAffyExon_0209_RMA,5423420
EPFL-ETHZ-BXD-LivProtAvg-CD-1119,P12265_LVQSGPLTTCR_2
EPFL-ETHZ-BXD-LivProtAvg-CD-1119,P12265_TSHYPYSEEVLQLCDR_3
EPFL-ETHZ-BXD-LivProtAvg-CD-1119,P12265_ALDLTRPVTFVSNAK_3
EPFL-ETHZ-BXD-LivProtAvg-CD-1119,P12265_GYFVQDTSFDFFNYAGLHR_3
EPFL-ETHZ-BXD-LivProtAvg-CD-1119,P12265_LQGFEQQWYR_2
EPFL-ETHZ-BXD-LivProtAvg-CD-1119,P12265_WLGANSFR_2
EPFL-ETHZ-BXD-LivProtAvg-CD-1119,P12265_THQKPIIQSEYGADAIPGIHEDPPR_4
EPFL-ETHZ-BXD-LivProtAvg-CD-1119,P12265_GFDWPLLVK_2
EPFL-ETHZ-BXD-LivProtAvg-CD-1119,P12265_VTTTESVTDYYTLPIGIR_2
EPFL-ETHZ-BXD-LivProtAvg-CD-1119,P12265_TLITHTK_2
UMUTAffyExon_0209_RMA,4768284
UMUTAffyExon_0209_RMA,4938865
UMUTAffyExon_0209_RMA,5035231
DBA2J-ONH-1212,1417395_at
Striatum_Exon_0209,4630610
Striatum_Exon_0209,5379354
Striatum_Exon_0209,5411269
Striatum_Exon_0209,5423420
Striatum_Exon_0209,4938865
UMUTAffyExon_0209_RMA,5490806
UMUTAffyExon_0209_RMA,5517070
UMUTAffyExon_0209_RMA,5558288
Striatum_Exon_0209,5236319
Striatum_Exon_0209,5267475
UMUTAffyExon_0209_RMA,5236319
UMUTAffyExon_0209_RMA,4414706
UMUTAffyExon_0209_RMA,4441282
UMUTAffyExon_0209_RMA,4443032
UMUTAffyExon_0209_RMA,4465628
UMUTAffyExon_0209_RMA,4478900
Striatum_Exon_0209,5063642
Striatum_Exon_0209,5097324
Striatum_Exon_0209,5490806
Striatum_Exon_0209,5517070
Striatum_Exon_0209,5558288
EPFL-ETHZ-BXD-LivProtAvg-HFD-1119,P12265_LVQSGPLTTCR_2
EPFL-ETHZ-BXD-LivProtAvg-HFD-1119,P12265_TSHYPYSEEVLQLCDR_3
EPFL-ETHZ-BXD-LivProtAvg-HFD-1119,P12265_ALDLTRPVTFVSNAK_3
EPFL-ETHZ-BXD-LivProtAvg-HFD-1119,P12265_GYFVQDTSFDFFNYAGLHR_3
EPFL-ETHZ-BXD-LivProtAvg-HFD-1119,P12265_LQGFEQQWYR_2
EPFL-ETHZ-BXD-LivProtAvg-HFD-1119,P12265_WLGANSFR_2
EPFL-ETHZ-BXD-LivProtAvg-HFD-1119,P12265_THQKPIIQSEYGADAIPGIHEDPPR_4
EPFL-ETHZ-BXD-LivProtAvg-HFD-1119,P12265_GFDWPLLVK_2
EPFL-ETHZ-BXD-LivProtAvg-HFD-1119,P12265_VTTTESVTDYYTLPIGIR_2
EPFL-ETHZ-BXD-LivProtAvg-HFD-1119,P12265_TLITHTK_2
NIA-AgBXD-Liv_CDHFD-0818,TC0500003313.mm.2
NIA-AgBXD-Liv_HFD-0818,TC0500003313.mm.2
UMUTAffyExon_0209_RMA,4630610
UMUTAffyExon_0209_RMA,4644753
CRTD_HipPreCell1214,ILM-R13_110006
Striatum_Exon_0209,4768284
RTC_1106_R,1430332_a_at
Striatum_Exon_0209,4644753
VCUSal_0609_R,1430332_a_at
Striatum_Exon_0209,5296454
UMUTAffyExon_0209_RMA,4309595
UMUTAffyExon_0209_RMA,4381851
HZI_LungBXD_RNA-Seq_1116,ENSMUSG00000025534
VCUEtOH_0609_R,1430332_a_at
VCUEtvsSal_0609_R,1430332_a_at
UMUTAffyExon_0209_RMA,4521819
RTHC_0211_R,1430332_a_at
Striatum_Exon_0209,5035231
Striatum_Exon_0209,5048308
Striatum_Exon_0209,5049004
Striatum_Exon_0209,4441282
Striatum_Exon_0209,4443032
Striatum_Exon_0209,4465628
Striatum_Exon_0209,4478900
Striatum_Exon_0209,4521819
UMUTAffyExon_0209_RMA,5048308
UMUTAffyExon_0209_RMA,5049004
UMUTAffyExon_0209_RMA,5063642
UMUTAffyExon_0209_RMA,5097324
UMUTAffyExon_0209_RMA,5267475
UMUTAffyExon_0209_RMA,5296454
UT_ILM_BXD_hipp_NOS_1112,ILM7160053
UT_ILM_BXD_hipp_NOE_1112,ILM7160053
Striatum_Exon_0209,4315282
RTC_1106_R,1417395_at
G2NEI_ILM_Retina_BXD_RI0410,ILMN_1256735
HQFNeoc_1210_RankInv,ILM7160053
UTHSC_ILM_BXD_hipp_RSEb_0217,ILM7160053
UT_ILM_BXD_hipp_RSE_0909,ILM7160053
UT_ILM_BXD_hipp_NOE_0909,ILM7160053
UTHSC_ILM_BXD_hipp_NOEb_0217,ILM7160053
UTHSC_ILM_BXD_hipp_RSSb_0217,ILM7160053
EPFL-LISP_BXD_Col-CD+HFD0917,TC0500003313.mm.2
DevNeocortex_ILM6.2P3RInv_1111,ILMN_1256735
DevNeocortex_ILM6.2P3RInv_1111,ILMN_2741114
DevNeocortex_ILM6.2P3RInv_1111,ILMN_2768026
DevNeocortex_ILM6.2P14RInv_1111,ILMN_1256735
DevNeocortex_ILM6.2P14RInv_1111,ILMN_2741114
DevNeocortex_ILM6.2P14RInv_1111,ILMN_2768026
Illum_BXD_Spl_1108,ILM7160053
Illum_BXD_Thy_1108,ILM7160053
Illum_BXD_PBL_1108,ILM7160053
UT_ILM_BXD_hipp_NON_0909,ILM7160053
UMUTAffyExon_0209_RMA,5532636
CMMTUBCBXDCerILM0513,ILMN_2768026
CMMTUBCBXDCerILM0513,ILMN_2741114
CMMTUBCBXDCerILM0513,ILMN_1256735
CMMTUBCBXDP00CerILM0513,ILMN_2768026
CMMTUBCBXDP00CerILM0513,ILMN_2741114
CMMTUBCBXDP00CerILM0513,ILMN_1256735
DevNeocortex_ILM6.2P14RInv_1110,ILMN_1256735
DevNeocortex_ILM6.2P14RInv_1110,ILMN_2741114
DevNeocortex_ILM6.2P14RInv_1110,ILMN_2768026
CMMTUBCBXDG15CerILM0513,ILMN_2768026
CMMTUBCBXDG15CerILM0513,ILMN_2741114
CMMTUBCBXDG15CerILM0513,ILMN_1256735
CMMTUBCBXDG18CerILM0513,ILMN_2768026
CMMTUBCBXDG18CerILM0513,ILMN_2741114
CMMTUBCBXDG18CerILM0513,ILMN_1256735
UT_ILM_BXD_hipp_RSS_1112,ILM7160053
UT_ILM_BXD_hipp_RSE_1112,ILM7160053
UTHSC_1107_RankInv,ILM7160053
UCLA_BXDBXH_CARTILAGE_V2,ILM7160053
RTHC_0211_R,1417395_at
G2NEI_ILM_Retina_BXD_RI0410,ILMN_2768026
G2NEI_ILM_Retina_BXD_RI0410,ILMN_2741114
UTHSC_ILM_BXD_hipp_RSSb_0216,ILM7160053
Striatum_Exon_0209,5532636
CMMTUBCBXDP09CerILM0513,ILMN_2768026
CMMTUBCBXDP09CerILM0513,ILMN_2741114
CMMTUBCBXDP09CerILM0513,ILMN_1256735
CMMTUBCBXDG12CerILM0513,ILMN_2768026
CMMTUBCBXDG12CerILM0513,ILMN_2741114
CMMTUBCBXDG12CerILM0513,ILMN_1256735
CMMTUBCBXDP03CerILM0513,ILMN_2768026
CMMTUBCBXDP03CerILM0513,ILMN_2741114
CMMTUBCBXDP03CerILM0513,ILMN_1256735
CMMTUBCBXDP06CerILM0513,ILMN_2768026
CMMTUBCBXDP06CerILM0513,ILMN_2741114
CMMTUBCBXDP06CerILM0513,ILMN_1256735
UCLA_BXDBXH_CARTILAGE,ILM7160053
UTHSC_ILM_BXD_hipp_NOSb_0217,ILM7160053
HEIONCvsCRetILM6_0911,ILMN_1256735
HEIONCvsCRetILM6_0911,ILMN_2741114
HEIONCvsCRetILM6_0911,ILMN_2768026
G2HEIONCRetILM6_0911,ILMN_1256735
G2HEIONCRetILM6_0911,ILMN_2741114
G2HEIONCRetILM6_0911,ILMN_2768026
ONCRetILM6_0412,ILMN_2768026
ONCRetILM6_0412,ILMN_2741114
ONCRetILM6_0412,ILMN_1256735
UCLA_BXD_CARTILAGE,ILM7160053
UTHSC_ILM_BXD_hipp_NOEb_0216,ILM7160053
UTHSC_ILM_BXD_hipp_RSEb_0216,ILM7160053
UT_ILM_BXD_hipp_5T_1112,ILM7160053
UT_ILM_BXD_hipp_NON_1112,ILM7160053
VCUSal_0609_R,1417395_at
VCUEtOH_0609_R,1417395_at
DevNeocortex_ILM6.2P3RInv_1110,ILMN_1256735
DevNeocortex_ILM6.2P3RInv_1110,ILMN_2741114
DevNeocortex_ILM6.2P3RInv_1110,ILMN_2768026
UMUTAffyExon_0209_RMA,4315282
HQFNeoc_0208_RankInv,ILM7160053
HQFNeoc_1210v2_RankInv,ILM7160053
UTHSC_Striatum_RankInv_1210,ILM7160053
UT_ILM_BXD_hipp_NOS_0909,ILM7160053
UT_ILM_BXD_hipp_RSS_0909,ILM7160053
DevStriatum_ILM6.2P3RInv_1111,ILMN_1256735
DevStriatum_ILM6.2P3RInv_1111,ILMN_2741114
DevStriatum_ILM6.2P3RInv_1111,ILMN_2768026
DevStriatum_ILM6.2P14RInv_1111,ILMN_1256735
DevStriatum_ILM6.2P14RInv_1111,ILMN_2741114
DevStriatum_ILM6.2P14RInv_1111,ILMN_2768026
VCUEtvsSal_0609_R,1417395_at
Illum_Retina_BXD_RankInv0410,ILMN_2768026
Illum_Retina_BXD_RankInv0410,ILMN_2741114
Illum_Retina_BXD_RankInv0410,ILMN_1256735
UTHSC_Str_RankInv_1210,ILM7160053
MA_M2_0806_P,1448124_at
MA_M2_0806_R,1448124_at
HZI_0408_R,1448124_at
HZI_0408_M,1448124_at
GenEx_BXD_liverEt_M5F_0912,1448124_at
GenEx_BXD_CerebEt_RMA_M_0213,1448124_at
GenEx_BXD_CerebSal_RMA_0213,1448124_at
EPFL-ETHZ-BXD-LivProtAvg-CD-HF-1119,P12265_LVQSGPLTTCR_2
EPFL-ETHZ-BXD-LivProtAvg-CD-HF-1119,P12265_TSHYPYSEEVLQLCDR_3
EPFL-ETHZ-BXD-LivProtAvg-CD-HF-1119,P12265_ALDLTRPVTFVSNAK_3
EPFL-ETHZ-BXD-LivProtAvg-CD-HF-1119,P12265_GYFVQDTSFDFFNYAGLHR_3
EPFL-ETHZ-BXD-LivProtAvg-CD-HF-1119,P12265_LQGFEQQWYR_2
EPFL-ETHZ-BXD-LivProtAvg-CD-HF-1119,P12265_WLGANSFR_2
EPFL-ETHZ-BXD-LivProtAvg-CD-HF-1119,P12265_THQKPIIQSEYGADAIPGIHEDPPR_4
EPFL-ETHZ-BXD-LivProtAvg-CD-HF-1119,P12265_GFDWPLLVK_2
EPFL-ETHZ-BXD-LivProtAvg-CD-HF-1119,P12265_VTTTESVTDYYTLPIGIR_2
EPFL-ETHZ-BXD-LivProtAvg-CD-HF-1119,P12265_TLITHTK_2
UCLA_BXD_Liv_Jan16,1448124_at
CB_M_1003_M,1448124_at_A
gn10,1448124_at
CB_M_0305_P,1448124_at_A
CB_M_0305_R,1448124_at_A
GSE16780_UCLA_ML0911,1448124_at_A
DevNeocortex_ILM6.2P3RInv_1111,ILMN_2855334
DevNeocortex_ILM6.2P14RInv_1111,ILMN_2855334
MA_M2M_0706_R,1448124_at
Eye_M2_0908_R_WT,1448124_at
CMMTUBCBXDCerILM0513,ILMN_2855334
CMMTUBCBXDP00CerILM0513,ILMN_2855334
DevNeocortex_ILM6.2P14RInv_1110,ILMN_2855334
Eye_M2_0908_R_MT,1448124_at
UCLA_BXD_Aor_Jan16,1448124_at
GenEx_BXD_CerebSal_RMA_F_0213,1448124_at
GenEx_BXD_CerebSal_RMA_M_0213,1448124_at
CMMTUBCBXDG15CerILM0513,ILMN_2855334
CMMTUBCBXDG18CerILM0513,ILMN_2855334
IBR_M_0106_R,1448124_at_A
MA_M2F_0706_R,1448124_at
MA_M2_0706_R,1448124_at
MA_M2_0706_P,1448124_at
GenEx_BXD_CerebEt_RMA_0213,1448124_at
GenEx_BXD_CerebEt_RMA_F_0213,1448124_at
CB_M_1004_R,1448124_at_A
CB_M_0305_M,1448124_at_A
GenEx_BXD_liverSal_RMA_F_0211,1448124_at
HC_M2_0606_P,1448124_at
IBR_M_0606_R,1448124_at_A
G2NEI_ILM_Retina_BXD_RI0410,ILMN_2855334
HC_M2_0606_R,1448124_at
HC_M2_0606_M,1448124_at
CMMTUBCBXDP09CerILM0513,ILMN_2855334
CMMTUBCBXDG12CerILM0513,ILMN_2855334
GCB_M2_0505_M,1448124_at
GCB_M2_0505_R,1448124_at
CMMTUBCBXDP03CerILM0513,ILMN_2855334
CMMTUBCBXDP06CerILM0513,ILMN_2855334
IBR_M_0106_P,1448124_at_A
Eye_M2_0908_WTWT,1448124_at
HEIONCvsCRetILM6_0911,ILMN_2855334
G2HEIONCRetILM6_0911,ILMN_2855334
ONCRetILM6_0412,ILMN_2855334
BR_M2_1106_R,1448124_at
GenEx_BXD_liverEt_M5_0912,1448124_at
GenEx_BXD_liverEt_M5M_0912,1448124_at
IoP_SPL_RMA_0509,1448124_at
SA_M2_0405_PC,1448124_at
SA_M2_0405_RC,1448124_at
DevNeocortex_ILM6.2P3RInv_1110,ILMN_2855334
Eye_M2_0908_R,1448124_at
GenEx_BXD_liverEt_RMA_0211,1448124_at
GenEx_BXD_liverEt_RMA_M_0211,1448124_at
GenEx_BXD_liverEt_RMA_F_0211,1448124_at
DevStriatum_ILM6.2P3RInv_1111,ILMN_2855334
DevStriatum_ILM6.2P14RInv_1111,ILMN_2855334
BXD_GLA_0911,1448124_at
CB_M_0204_P,1448124_at_A
CB_M_1004_M,1448124_at_A
CB_M_1004_P,1448124_at_A
GCB_M2_0505_P,1448124_at
SA_M2_0405_MC,1448124_at
SA_M2_0405_RR,1448124_at
GenEx_BXD_liverSal_RMA_0211,1448124_at
GenEx_BXD_liverSal_RMA_M_0211,1448124_at
Eye_M2_0908_R_NB,1448124_at
Eye_M2_0908_R_ND,1448124_at
Illum_Retina_BXD_RankInv0410,ILMN_2855334
HC_M2_1205_P,1448124_at
UCLA_BXD_Femur_0113_RSN,ILM7160053
MA_M2_0806_P,1417394_at
MA_M2_0806_R,1417394_at
GenEx_BXD_liverEt_RMA_0211,1417394_at
HZI_0408_R,1417394_at
HZI_0408_M,1417394_at
Eye_M2_0908_R_NB,1417394_at
NIA-AgBXD-Liv_CDHFD-rna-seq-0818,ENSMUST00000026613
NIA-AgBXD-Liv_CDHFD-rna-seq-0818,ENSMUST00000111308
NIA-AgBXD-Liv_CDHFD-rna-seq-0818,ENSMUST00000111307
NIA-AgBXD-Liv_HFD-rna-seq-0818,ENSMUST00000026613
NIA-AgBXD-Liv_HFD-rna-seq-0818,ENSMUST00000111308
NIA-AgBXD-Liv_HFD-rna-seq-0818,ENSMUST00000111307
GenEx_BXD_CerebSal_RMA_0213,1417394_at
GenEx_BXD_CerebSal_RMA_F_0213,1417394_at
UCLA_BXD_Liv_Jan16,1417394_at
UCLA_BXD_Aor_Jan16,1417394_at
CB_M_1003_M,1417394_at_A
gn10,1417394_at
CB_M_0305_P,1417394_at_A
CB_M_0305_R,1417394_at_A
UMCG_0907_Pro,ILM7160053
UMCG_0907_Myeloid_ori,ILM7160053
Eye_M2_0908_R_MT,1417394_at
Eye_M2_0908_R_WT,1417394_at
GenEx_BXD_CerebSal_RMA_M_0213,1417394_at
IBR_M_0106_R,1417394_at_A
UMCG_0907_Pro_ori,ILM7160053
UMCG_0907_Myeloid,ILM7160053
UMCG_0907_HemaStem,ILM7160053
UMCG_0907_Eryth,ILM7160053
MA_M2F_0706_R,1417394_at
MA_M2M_0706_R,1417394_at
MA_M2_0706_R,1417394_at
MA_M2_0706_P,1417394_at
GenEx_BXD_CerebEt_RMA_0213,1417394_at
GenEx_BXD_CerebEt_RMA_F_0213,1417394_at
GenEx_BXD_CerebEt_RMA_M_0213,1417394_at
CB_M_1004_R,1417394_at_A
CB_M_0305_M,1417394_at_A
GenEx_BXD_liverSal_RMA_F_0211,1417394_at
HC_M2_0606_P,1417394_at
IBR_M_0606_R,1417394_at_A
HC_M2_0606_R,1417394_at
HC_M2_0606_M,1417394_at
GCB_M2_0505_R,1417394_at
GCB_M2_0505_P,1417394_at
NIA-AgBXD-Liv_CD-rna-seq-0818,ENSMUST00000026613
NIA-AgBXD-Liv_CD-rna-seq-0818,ENSMUST00000111308
NIA-AgBXD-Liv_CD-rna-seq-0818,ENSMUST00000111307
IBR_M_0106_P,1417394_at_A
Eye_M2_0908_WTWT,1417394_at
GSE16780_UCLA_ML0911,1417394_at_A
CB_M_0204_P,1417394_at_A
BR_M2_1106_R,1417394_at
GenEx_BXD_liverEt_M5_0912,1417394_at
GenEx_BXD_liverEt_M5M_0912,1417394_at
GenEx_BXD_liverEt_M5F_0912,1417394_at
IoP_SPL_RMA_0509,1417394_at
UMCG_0907_HemaStem_ori,ILM7160053
UMCG_0907_Eryth_ori,ILM7160053
SA_M2_0405_RC,1417394_at
GCB_M2_0505_M,1417394_at
Eye_M2_0908_R,1417394_at
GenEx_BXD_liverEt_RMA_M_0211,1417394_at
GenEx_BXD_liverEt_RMA_F_0211,1417394_at
BXD_GLA_0911,1417394_at
CB_M_1004_M,1417394_at_A
CB_M_1004_P,1417394_at_A
SA_M2_0405_MC,1417394_at
SA_M2_0405_RR,1417394_at
SA_M2_0405_PC,1417394_at
GenEx_BXD_liverSal_RMA_0211,1417394_at
GenEx_BXD_liverSal_RMA_M_0211,1417394_at
Eye_M2_0908_R_ND,1417394_at
HC_M2_1205_P,1417394_at
VCUEtOH_1007_R,1448124_at
VCUSalo_1007_R,1448124_at
VCU_BXD_Nac_CIE_EtZ_0416,1448124_at
VCUSal_1206_R,1448124_at
VCU_PF_Et_0111_R,1448124_at
VCU_PF_Air_0111_R,1448124_at
VCU_NAc_AvE_0113_Ss,1448124_at
VCU_NAc_Et_0113_R,1448124_at
VCU_NAc_Air_0113_R,1448124_at
VCU_BXD_PFC_CIE_Air_0416,1448124_at
VCU_BXD_PFC_CIE_AirZ_0416,1448124_at
VCUSal_1007_R,1448124_at
VCU_BXD_Nac_CIE_Air_0416,1448124_at
VCU_BXD_Nac_CIE_AirZ_0416,1448124_at
VCU_BXD_Nac_CIE_Et_0416,1448124_at
VCUEtOH_1206_R,1448124_at
VCUSal_1006_R,1448124_at
VCU_BXD_PFC_CIE_Et_0416,1448124_at
VCU_BXD_PFC_CIE_EtZ_0416,1448124_at
VCU_PF_AvE_0111_Ss,1448124_at
VCUSalo_1007_R,1417394_at
VCUSal_1206_R,1417394_at
VCU_PF_Air_0111_R,1417394_at
VCU_NAc_AvE_0113_Ss,1417394_at
VCU_NAc_Et_0113_R,1417394_at
VCU_NAc_Air_0113_R,1417394_at
VCUSal_1007_R,1417394_at
VCUEtOH_1007_R,1417394_at
UCLA_BXD-on_Femur_0113_RSN,ILM7160053
VCUEtOH_1206_R,1417394_at
VCUSal_1006_R,1417394_at
DBA2J-ONH-1212,1448124_at
VCU_PF_AvE_0111_Ss,1417394_at
VCU_PF_Et_0111_R,1417394_at
DBA2J-ONH-1212,1417394_at
RTC_1106_R,1448124_at
VCUSal_0609_R,1448124_at
VCUEtOH_0609_R,1448124_at
VCUEtvsSal_0609_R,1448124_at
RTHC_0211_R,1448124_at
RTC_1106_R,1417394_at
RTHC_0211_R,1417394_at
VCUSal_0609_R,1417394_at
VCUEtOH_0609_R,1417394_at
VCUEtvsSal_0609_R,1417394_at
UT_ILM_BXD_hipp_NOS_1112,ILM1850022
UT_ILM_BXD_hipp_NOS_1112,ILM3830239
UT_ILM_BXD_hipp_NOS_1112,ILM5570750
UT_ILM_BXD_hipp_NOE_1112,ILM1850022
UT_ILM_BXD_hipp_NOE_1112,ILM3830239
UT_ILM_BXD_hipp_NOE_1112,ILM5570750
HQFNeoc_0208_RankInv,ILM3830239
HQFNeoc_0208_RankInv,ILM5570750
HQFNeoc_0208_RankInv,ILM1850022
G2NEI_ILM_Retina_BXD_RI0410,ILMN_1241903
G2NEI_ILM_Retina_BXD_RI0410,ILMN_1221264
UTK_BXDSpl_VST_0110,ILM1850022
HQFNeoc_1210_RankInv,ILM3830239
HQFNeoc_1210_RankInv,ILM5570750
HQFNeoc_1210_RankInv,ILM1850022
UTHSC_ILM_BXD_hipp_RSEb_0217,ILM3830239
UTHSC_ILM_BXD_hipp_RSEb_0217,ILM5570750
UT_ILM_BXD_hipp_RSE_0909,ILM1850022
UT_ILM_BXD_hipp_RSE_0909,ILM3830239
UT_ILM_BXD_hipp_RSE_0909,ILM5570750
UT_ILM_BXD_hipp_NOE_0909,ILM1850022
UT_ILM_BXD_hipp_NOE_0909,ILM3830239
UT_ILM_BXD_hipp_NOE_0909,ILM5570750
UTHSC_ILM_BXD_hipp_NOEb_0217,ILM1850022
UTHSC_ILM_BXD_hipp_NOEb_0217,ILM3830239
UTHSC_ILM_BXD_hipp_NOEb_0217,ILM5570750
UTHSC_ILM_BXD_hipp_RSSb_0217,ILM1850022
UTHSC_ILM_BXD_hipp_RSSb_0217,ILM3830239
UTHSC_ILM_BXD_hipp_RSSb_0217,ILM5570750
UTHSC_ILM_BXD_hipp_RSEb_0217,ILM1850022
DevNeocortex_ILM6.2P3RInv_1111,ILMN_1221264
DevNeocortex_ILM6.2P3RInv_1111,ILMN_1241903
DevNeocortex_ILM6.2P3RInv_1111,ILMN_2999439
DevNeocortex_ILM6.2P14RInv_1111,ILMN_1221264
DevNeocortex_ILM6.2P14RInv_1111,ILMN_1241903
DevNeocortex_ILM6.2P14RInv_1111,ILMN_2999439
Illum_BXD_Spl_1108,ILM1850022
Illum_BXD_Spl_1108,ILM3830239
Illum_BXD_Spl_1108,ILM5570750
Illum_BXD_Thy_1108,ILM1850022
Illum_BXD_Thy_1108,ILM3830239
Illum_BXD_Thy_1108,ILM5570750
Illum_BXD_PBL_1108,ILM1850022
Illum_BXD_PBL_1108,ILM3830239
Illum_BXD_PBL_1108,ILM5570750
UT_ILM_BXD_hipp_NON_0909,ILM1850022
UT_ILM_BXD_hipp_NON_0909,ILM3830239
UT_ILM_BXD_hipp_NON_0909,ILM5570750
CMMTUBCBXDCerILM0513,ILMN_1241903
CMMTUBCBXDCerILM0513,ILMN_2999439
CMMTUBCBXDCerILM0513,ILMN_1221264
CMMTUBCBXDP00CerILM0513,ILMN_1241903
CMMTUBCBXDP00CerILM0513,ILMN_2999439
CMMTUBCBXDP00CerILM0513,ILMN_1221264
DevNeocortex_ILM6.2P3RInv_1110,ILMN_2999439
DevNeocortex_ILM6.2P14RInv_1110,ILMN_1221264
DevNeocortex_ILM6.2P14RInv_1110,ILMN_1241903
DevNeocortex_ILM6.2P14RInv_1110,ILMN_2999439
CMMTUBCBXDG15CerILM0513,ILMN_1241903
CMMTUBCBXDG15CerILM0513,ILMN_2999439
CMMTUBCBXDG15CerILM0513,ILMN_1221264
CMMTUBCBXDG18CerILM0513,ILMN_1241903
CMMTUBCBXDG18CerILM0513,ILMN_2999439
CMMTUBCBXDG18CerILM0513,ILMN_1221264
UT_ILM_BXD_hipp_RSS_1112,ILM1850022
UT_ILM_BXD_hipp_RSS_1112,ILM3830239
UT_ILM_BXD_hipp_RSS_1112,ILM5570750
UT_ILM_BXD_hipp_RSE_1112,ILM1850022
UT_ILM_BXD_hipp_RSE_1112,ILM3830239
UT_ILM_BXD_hipp_RSE_1112,ILM5570750
UTHSC_1107_RankInv,ILM3830239
UTHSC_1107_RankInv,ILM5570750
UTHSC_1107_RankInv,ILM1850022
UCLA_BXDBXH_CARTILAGE_V2,ILM3830239
UCLA_BXDBXH_CARTILAGE_V2,ILM5570750
UCLA_BXDBXH_CARTILAGE_V2,ILM1850022
ONCRetILM6_0412,ILMN_1241903
ONCRetILM6_0412,ILMN_2999439
ONCRetILM6_0412,ILMN_1221264
B6D2ONCILM_0412,ILM3830239
B6D2ONCILM_0412,ILM5570750
B6D2ONCILM_0412,ILM1850022
G2NEI_ILM_Retina_BXD_RI0410,ILMN_2999439
UTHSC_ILM_BXD_hipp_RSSb_0216,ILM3830239
UTHSC_ILM_BXD_hipp_RSSb_0216,ILM5570750
CMMTUBCBXDP09CerILM0513,ILMN_1241903
CMMTUBCBXDP09CerILM0513,ILMN_2999439
CMMTUBCBXDP09CerILM0513,ILMN_1221264
CMMTUBCBXDG12CerILM0513,ILMN_1241903
CMMTUBCBXDG12CerILM0513,ILMN_2999439
CMMTUBCBXDG12CerILM0513,ILMN_1221264
CMMTUBCBXDP03CerILM0513,ILMN_1241903
CMMTUBCBXDP03CerILM0513,ILMN_2999439
CMMTUBCBXDP03CerILM0513,ILMN_1221264
CMMTUBCBXDP06CerILM0513,ILMN_1241903
CMMTUBCBXDP06CerILM0513,ILMN_2999439
CMMTUBCBXDP06CerILM0513,ILMN_1221264
UCLA_BXDBXH_CARTILAGE,ILM3830239
UCLA_BXDBXH_CARTILAGE,ILM5570750
UCLA_BXDBXH_CARTILAGE,ILM1850022
UTHSC_ILM_BXD_hipp_NOSb_0217,ILM1850022
UTHSC_ILM_BXD_hipp_NOSb_0217,ILM3830239
UTHSC_ILM_BXD_hipp_NOSb_0217,ILM5570750
HEIONCvsCRetILM6_0911,ILMN_1221264
HEIONCvsCRetILM6_0911,ILMN_1241903
HEIONCvsCRetILM6_0911,ILMN_2999439
G2HEIONCRetILM6_0911,ILMN_1221264
G2HEIONCRetILM6_0911,ILMN_1241903
G2HEIONCRetILM6_0911,ILMN_2999439
UCLA_BXD_CARTILAGE,ILM3830239
UCLA_BXD_CARTILAGE,ILM5570750
UCLA_BXD_CARTILAGE,ILM1850022
UTHSC_ILM_BXD_hipp_NOEb_0216,ILM1850022
UTHSC_ILM_BXD_hipp_NOEb_0216,ILM3830239
UTHSC_ILM_BXD_hipp_NOEb_0216,ILM5570750
UTHSC_ILM_BXD_hipp_RSEb_0216,ILM1850022
UTHSC_ILM_BXD_hipp_RSEb_0216,ILM3830239
UTHSC_ILM_BXD_hipp_RSEb_0216,ILM5570750
UTHSC_ILM_BXD_hipp_RSSb_0216,ILM1850022
Illum_Retina_BXD_RankInv0410,ILMN_1221264
UT_ILM_BXD_hipp_5T_1112,ILM1850022
UT_ILM_BXD_hipp_5T_1112,ILM3830239
UT_ILM_BXD_hipp_5T_1112,ILM5570750
UT_ILM_BXD_hipp_NON_1112,ILM1850022
UT_ILM_BXD_hipp_NON_1112,ILM3830239
UT_ILM_BXD_hipp_NON_1112,ILM5570750
DevNeocortex_ILM6.2P3RInv_1110,ILMN_1221264
DevNeocortex_ILM6.2P3RInv_1110,ILMN_1241903
HQFNeoc_1210v2_RankInv,ILM3830239
HQFNeoc_1210v2_RankInv,ILM5570750
HQFNeoc_1210v2_RankInv,ILM1850022
UTHSC_Striatum_RankInv_1210,ILM3830239
UTHSC_Striatum_RankInv_1210,ILM5570750
UTHSC_Striatum_RankInv_1210,ILM1850022
UT_ILM_BXD_hipp_NOS_0909,ILM1850022
UT_ILM_BXD_hipp_NOS_0909,ILM3830239
UT_ILM_BXD_hipp_NOS_0909,ILM5570750
UT_ILM_BXD_hipp_RSS_0909,ILM1850022
UT_ILM_BXD_hipp_RSS_0909,ILM3830239
UT_ILM_BXD_hipp_RSS_0909,ILM5570750
DevStriatum_ILM6.2P3RInv_1111,ILMN_1221264
DevStriatum_ILM6.2P3RInv_1111,ILMN_1241903
DevStriatum_ILM6.2P3RInv_1111,ILMN_2999439
DevStriatum_ILM6.2P14RInv_1111,ILMN_1221264
DevStriatum_ILM6.2P14RInv_1111,ILMN_1241903
DevStriatum_ILM6.2P14RInv_1111,ILMN_2999439
Illum_Retina_BXD_RankInv0410,ILMN_2999439
Illum_Retina_BXD_RankInv0410,ILMN_1241903
UTHSC_Str_RankInv_1210,ILM3830239
UTHSC_Str_RankInv_1210,ILM5570750
UTHSC_Str_RankInv_1210,ILM1850022
UCLA_BXD_Femur_0113_RSN,ILM5570750
MA_M2_0806_P,1421920_a_at
MA_M2_0806_R,1421920_a_at
GenEx_BXD_liverEt_RMA_0211,1421920_a_at
HZI_0408_R,1421920_a_at
HZI_0408_M,1421920_a_at
Eye_M2_0908_R_NB,1421920_a_at
GenEx_BXD_CerebSal_RMA_0213,1421920_a_at
GenEx_BXD_CerebSal_RMA_F_0213,1421920_a_at
UCLA_BXD_Liv_Jan16,1421920_a_at
UCLA_BXD_Aor_Jan16,1421920_a_at
CB_M_1003_M,1421920_a_at_A
gn10,1421920_a_at
CB_M_0305_P,1421920_a_at_A
CB_M_0305_R,1421920_a_at_A
UMCG_0907_Pro,ILM3830239
UMCG_0907_Pro,ILM5570750
UMCG_0907_Pro,ILM1850022
UMCG_0907_Myeloid_ori,ILM3830239
UMCG_0907_Myeloid_ori,ILM5570750
UMCG_0907_Myeloid_ori,ILM1850022
Eye_M2_0908_R_MT,1421920_a_at
Eye_M2_0908_R_WT,1421920_a_at
GenEx_BXD_CerebSal_RMA_M_0213,1421920_a_at
IBR_M_0106_R,1421920_a_at_A
UMCG_0907_Pro_ori,ILM3830239
UMCG_0907_Pro_ori,ILM5570750
UMCG_0907_Pro_ori,ILM1850022
UMCG_0907_HemaStem,ILM3830239
UMCG_0907_HemaStem,ILM5570750
UMCG_0907_HemaStem,ILM1850022
UMCG_0907_Eryth,ILM3830239
UMCG_0907_Eryth,ILM5570750
UMCG_0907_Eryth,ILM1850022
MA_M2F_0706_R,1421920_a_at
MA_M2M_0706_R,1421920_a_at
MA_M2_0706_R,1421920_a_at
MA_M2_0706_P,1421920_a_at
GenEx_BXD_CerebEt_RMA_0213,1421920_a_at
GenEx_BXD_CerebEt_RMA_F_0213,1421920_a_at
GenEx_BXD_CerebEt_RMA_M_0213,1421920_a_at
CB_M_1004_R,1421920_a_at_A
CB_M_0305_M,1421920_a_at_A
GenEx_BXD_liverSal_RMA_F_0211,1421920_a_at
HC_M2_0606_P,1421920_a_at
IBR_M_0606_R,1421920_a_at_A
HC_M2_0606_R,1421920_a_at
HC_M2_0606_M,1421920_a_at
GCB_M2_0505_R,1421920_a_at
GCB_M2_0505_P,1421920_a_at
IBR_M_0106_P,1421920_a_at_A
Eye_M2_0908_WTWT,1421920_a_at
GSE16780_UCLA_ML0911,1421920_a_at_A
UCLA_BXD_Femur_0113_RSN,ILM1850022
UCLA_BXD_Femur_0113_RSN,ILM3830239
CB_M_0204_P,1421920_a_at_A
BR_M2_1106_R,1421920_a_at
GenEx_BXD_liverEt_M5_0912,1421920_a_at
GenEx_BXD_liverEt_M5M_0912,1421920_a_at
GenEx_BXD_liverEt_M5F_0912,1421920_a_at
IoP_SPL_RMA_0509,1421920_a_at
UMCG_0907_HemaStem_ori,ILM3830239
UMCG_0907_HemaStem_ori,ILM5570750
UMCG_0907_HemaStem_ori,ILM1850022
UMCG_0907_Eryth_ori,ILM3830239
UMCG_0907_Eryth_ori,ILM5570750
UMCG_0907_Eryth_ori,ILM1850022
SA_M2_0405_RC,1421920_a_at
GCB_M2_0505_M,1421920_a_at
Eye_M2_0908_R,1421920_a_at
GenEx_BXD_liverEt_RMA_M_0211,1421920_a_at
GenEx_BXD_liverEt_RMA_F_0211,1421920_a_at
UMCG_0907_Myeloid,ILM3830239
UMCG_0907_Myeloid,ILM5570750
UMCG_0907_Myeloid,ILM1850022
BXD_GLA_0911,1421920_a_at
CB_M_1004_M,1421920_a_at_A
CB_M_1004_P,1421920_a_at_A
SA_M2_0405_MC,1421920_a_at
SA_M2_0405_RR,1421920_a_at
SA_M2_0405_PC,1421920_a_at
GenEx_BXD_liverSal_RMA_0211,1421920_a_at
GenEx_BXD_liverSal_RMA_M_0211,1421920_a_at
Eye_M2_0908_R_ND,1421920_a_at
HC_M2_1205_P,1421920_a_at
VCUSalo_1007_R,1421920_a_at
VCU_BXD_Nac_CIE_EtZ_0416,1421920_a_at
VCUSal_1206_R,1421920_a_at
VCU_PF_Air_0111_R,1421920_a_at
VCU_NAc_AvE_0113_Ss,1421920_a_at
VCU_NAc_Et_0113_R,1421920_a_at
VCU_NAc_Air_0113_R,1421920_a_at
VCU_BXD_PFC_CIE_Air_0416,1421920_a_at
VCU_BXD_PFC_CIE_AirZ_0416,1421920_a_at
VCUSal_1007_R,1421920_a_at
VCUEtOH_1007_R,1421920_a_at
VCU_BXD_Nac_CIE_AirZ_0416,1421920_a_at
VCU_BXD_Nac_CIE_Et_0416,1421920_a_at
UCLA_BXD-on_Femur_0113_RSN,ILM1850022
UCLA_BXD-on_Femur_0113_RSN,ILM3830239
UCLA_BXD-on_Femur_0113_RSN,ILM5570750
VCUEtOH_1206_R,1421920_a_at
VCUSal_1006_R,1421920_a_at
VCU_BXD_PFC_CIE_Et_0416,1421920_a_at
VCU_BXD_PFC_CIE_EtZ_0416,1421920_a_at
VCU_BXD_Nac_CIE_Air_0416,1421920_a_at
VCU_PF_AvE_0111_Ss,1421920_a_at
VCU_PF_Et_0111_R,1421920_a_at
DBA2J-ONH-1212,1421920_a_at
RTC_1106_R,1421920_a_at
VCUSal_0609_R,1421920_a_at
VCUEtOH_0609_R,1421920_a_at
VCUEtvsSal_0609_R,1421920_a_at
RTHC_0211_R,1421920_a_at
UT_ILM_BXD_hipp_NOS_1112,ILM5340377
UT_ILM_BXD_hipp_NOE_1112,ILM5340377
HQFNeoc_0208_RankInv,ILM5340377
UTK_BXDSpl_VST_0110,ILM5340377
HQFNeoc_1210_RankInv,ILM5340377
UTHSC_ILM_BXD_hipp_RSEb_0217,ILM5340377
UT_ILM_BXD_hipp_RSE_0909,ILM5340377
UT_ILM_BXD_hipp_NOE_0909,ILM5340377
UTHSC_ILM_BXD_hipp_NOEb_0217,ILM5340377
UTHSC_ILM_BXD_hipp_RSSb_0217,ILM5340377
Illum_BXD_Spl_1108,ILM5340377
Illum_BXD_Thy_1108,ILM5340377
Illum_BXD_PBL_1108,ILM5340377
UT_ILM_BXD_hipp_NON_0909,ILM5340377
UT_ILM_BXD_hipp_RSS_1112,ILM5340377
UT_ILM_BXD_hipp_RSE_1112,ILM5340377
UTHSC_1107_RankInv,ILM5340377
UCLA_BXDBXH_CARTILAGE_V2,ILM5340377
B6D2ONCILM_0412,ILM5340377
B6D2ONCILM_0412,ILM6620273
UTHSC_ILM_BXD_hipp_RSSb_0216,ILM5340377
UCLA_BXDBXH_CARTILAGE,ILM5340377
UTHSC_ILM_BXD_hipp_NOSb_0217,ILM5340377
UCLA_BXD_CARTILAGE,ILM5340377
UTHSC_ILM_BXD_hipp_NOEb_0216,ILM5340377
UTHSC_ILM_BXD_hipp_RSEb_0216,ILM5340377
UT_ILM_BXD_hipp_5T_1112,ILM5340377
UT_ILM_BXD_hipp_NON_1112,ILM5340377
HQFNeoc_1210v2_RankInv,ILM5340377
UTHSC_Striatum_RankInv_1210,ILM5340377
UT_ILM_BXD_hipp_NOS_0909,ILM5340377
UT_ILM_BXD_hipp_RSS_0909,ILM5340377
UTHSC_Str_RankInv_1210,ILM5340377
UCLA_BXD_Femur_0113_RSN,ILM5340377
UMCG_0907_Pro,ILM5340377
UMCG_0907_Myeloid_ori,ILM5340377
UMCG_0907_Pro_ori,ILM5340377
UMCG_0907_HemaStem,ILM5340377
UMCG_0907_Eryth,ILM5340377
UMCG_0907_HemaStem_ori,ILM5340377
UMCG_0907_Eryth_ori,ILM5340377
UMCG_0907_Myeloid,ILM5340377
UCLA_BXD-on_Femur_0113_RSN,ILM5340377
EPFL-LISP_LivPMetCDHFD1213,85.06578237_MZ
EPFL-LISP_LivPMetHFD1213,85.06578237_MZ
EPFL-LISP_LivPMetCD1213,85.06578237_MZ
EPFL-LISP_MusPMetHFD1213,85.06578237_MZ
EPFL-LISP_MusPMetCD1213,85.06578237_MZ
EPFL-LISP_LivPMetlog2HFD1213,85.06578237_MZ
EPFL-LISP_LivPMetlog2CD1213,85.06578237_MZ
EPFL-LISP_LivPMetCDHFD1213,59.05011986_MZ
EPFL-LISP_LivPMetHFD1213,59.05011986_MZ
EPFL-LISP_LivPMetCD1213,59.05011986_MZ
EPFL-LISP_MusPMetHFD1213,59.05011986_MZ
EPFL-LISP_MusPMetCD1213,59.05011986_MZ
EPFL-LISP_LivPMetlog2HFD1213,59.05011986_MZ
EPFL-LISP_LivPMetlog2CD1213,59.05011986_MZ
EPFL-LISP_LivPMetCDHFD1213,184.0979742_MZ
EPFL-LISP_LivPMetHFD1213,184.0979742_MZ
EPFL-LISP_LivPMetCD1213,184.0979742_MZ
EPFL-LISP_MusPMetHFD1213,184.0979742_MZ
EPFL-LISP_MusPMetCD1213,184.0979742_MZ
EPFL-LISP_LivPMetlog2HFD1213,184.0979742_MZ
EPFL-LISP_LivPMetlog2CD1213,184.0979742_MZ
EPFL-LISP_LivPMetCDHFD1213,736.2740351_MZ
EPFL-LISP_LivPMetHFD1213,736.2740351_MZ
EPFL-LISP_LivPMetCD1213,736.2740351_MZ
EPFL-LISP_MusPMetHFD1213,736.2740351_MZ
EPFL-LISP_MusPMetCD1213,736.2740351_MZ
EPFL-LISP_LivPMetlog2HFD1213,736.2740351_MZ
EPFL-LISP_LivPMetlog2CD1213,736.2740351_MZ
EPFL-LISP_LivPMetCDHFD1213,109.0658001_MZ
EPFL-LISP_LivPMetHFD1213,109.0658001_MZ
EPFL-LISP_LivPMetCD1213,109.0658001_MZ
EPFL-LISP_MusPMetHFD1213,109.0658001_MZ
EPFL-LISP_MusPMetCD1213,109.0658001_MZ
EPFL-LISP_LivPMetlog2HFD1213,109.0658001_MZ
EPFL-LISP_LivPMetlog2CD1213,109.0658001_MZ
EPFL-LISP_LivPMetCDHFD1213,121.0294623_MZ
EPFL-LISP_LivPMetHFD1213,121.0294623_MZ
EPFL-LISP_LivPMetCD1213,121.0294623_MZ
EPFL-LISP_MusPMetHFD1213,121.0294623_MZ
EPFL-LISP_MusPMetCD1213,121.0294623_MZ
EPFL-LISP_LivPMetlog2HFD1213,121.0294623_MZ
EPFL-LISP_LivPMetlog2CD1213,121.0294623_MZ
UTHSC-ETHZ-EPFL_LivPMetExtACD0817,121.0294623_MZ
UTHSC-ETHZ-EPFL_LivPMetExtAHFD0817,121.0294623_MZ
EPFL-LISP_LivPMetCDHFD1213,182.0446311_MZ
EPFL-LISP_LivPMetHFD1213,182.0446311_MZ
EPFL-LISP_LivPMetCD1213,182.0446311_MZ
EPFL-LISP_MusPMetHFD1213,182.0446311_MZ
EPFL-LISP_MusPMetCD1213,182.0446311_MZ
EPFL-LISP_LivPMetlog2HFD1213,182.0446311_MZ
EPFL-LISP_LivPMetlog2CD1213,182.0446311_MZ
UTHSC-ETHZ-EPFL_LivPMetExtACD0817,182.0446311_MZ
UTHSC-ETHZ-EPFL_LivPMetExtAHFD0817,182.0446311_MZ
EPFL-LISP_LivPMetCDHFD1213,73.06727298_MZ
EPFL-LISP_LivPMetHFD1213,73.06727298_MZ
EPFL-LISP_LivPMetCD1213,73.06727298_MZ
EPFL-LISP_MusPMetHFD1213,73.06727298_MZ
EPFL-LISP_MusPMetCD1213,73.06727298_MZ
EPFL-LISP_LivPMetlog2HFD1213,73.06727298_MZ
EPFL-LISP_LivPMetlog2CD1213,73.06727298_MZ
UTHSC-ETHZ-EPFL_LivPMetExtACD0817,182.0819000_MZ
UTHSC-ETHZ-EPFL_LivPMetExtAHFD0817,182.0819000_MZ
RTI_RCMRC-BXDFecMetLFlog0814,109.1021446_MZ
RTI_RCMRC-BXDFecMetHFlog0814,109.1021446_MZ
RTI_RCMRC-BXDFecMetlog0814,109.1021446_MZ
EPFL-LISP_LivPMetCDHFD1213,122.0247599_MZ
EPFL-LISP_LivPMetHFD1213,122.0247599_MZ
EPFL-LISP_LivPMetCD1213,122.0247599_MZ
EPFL-LISP_MusPMetHFD1213,122.0247599_MZ
EPFL-LISP_MusPMetCD1213,122.0247599_MZ
EPFL-LISP_LivPMetlog2HFD1213,122.0247599_MZ
EPFL-LISP_LivPMetlog2CD1213,122.0247599_MZ
UTHSC-ETHZ-EPFL_LivPMetExtACD0817,122.0247599_MZ
UTHSC-ETHZ-EPFL_LivPMetExtAHFD0817,122.0247599_MZ
RTI_RCMRC-BXDFecMetLFlog0814,182.0457518_MZ
RTI_RCMRC-BXDFecMetLFlog0814,182.0302081_MZ
RTI_RCMRC-BXDFecMetHFlog0814,182.0302081_MZ
RTI_RCMRC-BXDFecMetHFlog0814,182.0457518_MZ
RTI_RCMRC-BXDFecMetlog0814,182.0302081_MZ
RTI_RCMRC-BXDFecMetlog0814,182.0457518_MZ
RTI_RCMRC-BXDFecMetLFlog0814,182.0824478_MZ
RTI_RCMRC-BXDFecMetLFlog0814,182.0798572_MZ
RTI_RCMRC-BXDFecMetLFlog0814,182.1286758_MZ
RTI_RCMRC-BXDFecMetLFlog0814,182.0830705_MZ
RTI_RCMRC-BXDFecMetLFlog0814,182.0825389_MZ
RTI_RCMRC-BXDFecMetLFlog0814,182.0821877_MZ
RTI_RCMRC-BXDFecMetLFlog0814,182.0820295_MZ
RTI_RCMRC-BXDFecMetLFlog0814,182.0811393_MZ
RTI_RCMRC-BXDFecMetLFlog0814,182.1911941_MZ
RTI_RCMRC-BXDFecMetLFlog0814,182.0788114_MZ
RTI_RCMRC-BXDFecMetHFlog0814,182.0798572_MZ
RTI_RCMRC-BXDFecMetHFlog0814,182.1286758_MZ
RTI_RCMRC-BXDFecMetHFlog0814,182.0830705_MZ
RTI_RCMRC-BXDFecMetHFlog0814,182.0788114_MZ
RTI_RCMRC-BXDFecMetHFlog0814,182.0811393_MZ
RTI_RCMRC-BXDFecMetHFlog0814,182.0820295_MZ
RTI_RCMRC-BXDFecMetHFlog0814,182.0821877_MZ
RTI_RCMRC-BXDFecMetHFlog0814,182.0824478_MZ
RTI_RCMRC-BXDFecMetHFlog0814,182.0825389_MZ
RTI_RCMRC-BXDFecMetHFlog0814,182.1911941_MZ
RTI_RCMRC-BXDFecMetlog0814,182.0798572_MZ
RTI_RCMRC-BXDFecMetlog0814,182.0824478_MZ
RTI_RCMRC-BXDFecMetlog0814,182.1286758_MZ
RTI_RCMRC-BXDFecMetlog0814,182.0830705_MZ
RTI_RCMRC-BXDFecMetlog0814,182.0788114_MZ
RTI_RCMRC-BXDFecMetlog0814,182.0811393_MZ
RTI_RCMRC-BXDFecMetlog0814,182.0820295_MZ
RTI_RCMRC-BXDFecMetlog0814,182.0821877_MZ
RTI_RCMRC-BXDFecMetlog0814,182.0825389_MZ
RTI_RCMRC-BXDFecMetlog0814,182.1911941_MZ
EPFL-LISP_LivPMetCDHFD1213,276.9040357_MZ
EPFL-LISP_LivPMetHFD1213,276.9040357_MZ
EPFL-LISP_LivPMetCD1213,276.9040357_MZ
EPFL-LISP_MusPMetHFD1213,276.9040357_MZ
EPFL-LISP_MusPMetCD1213,276.9040357_MZ
EPFL-LISP_LivPMetlog2HFD1213,276.9040357_MZ
EPFL-LISP_LivPMetlog2CD1213,276.9040357_MZ
EPFL-LISP_LivPMetCDHFD1213,145.0619989_MZ
EPFL-LISP_LivPMetHFD1213,145.0619989_MZ
EPFL-LISP_LivPMetCD1213,145.0619989_MZ
EPFL-LISP_MusPMetHFD1213,145.0619989_MZ
EPFL-LISP_MusPMetCD1213,145.0619989_MZ
EPFL-LISP_LivPMetlog2HFD1213,145.0619989_MZ
EPFL-LISP_LivPMetlog2CD1213,145.0619989_MZ
UTHSC-ETHZ-EPFL_LivPMetExtACD0817,145.0619989_MZ
UTHSC-ETHZ-EPFL_LivPMetExtAHFD0817,145.0619989_MZ
EPFL-LISP_LivPMetCDHFD1213,57.03446253_MZ
EPFL-LISP_LivPMetHFD1213,57.03446253_MZ
EPFL-LISP_LivPMetCD1213,57.03446253_MZ
EPFL-LISP_MusPMetHFD1213,57.03446253_MZ
EPFL-LISP_MusPMetCD1213,57.03446253_MZ
EPFL-LISP_LivPMetlog2HFD1213,57.03446253_MZ
EPFL-LISP_LivPMetlog2CD1213,57.03446253_MZ
EPFL-LISP_LivPMetCDHFD1213,495.2662560_MZ
EPFL-LISP_LivPMetHFD1213,495.2662560_MZ
EPFL-LISP_LivPMetCD1213,495.2662560_MZ
EPFL-LISP_MusPMetHFD1213,495.2662560_MZ
EPFL-LISP_MusPMetCD1213,495.2662560_MZ
EPFL-LISP_LivPMetlog2HFD1213,495.2662560_MZ
EPFL-LISP_LivPMetlog2CD1213,495.2662560_MZ
RTI_RCMRC-BXDFecMetLFlog0814,495.2965631_MZ
RTI_RCMRC-BXDFecMetLFlog0814,495.2296603_MZ
RTI_RCMRC-BXDFecMetLFlog0814,495.2710939_MZ
RTI_RCMRC-BXDFecMetLFlog0814,495.2969964_MZ
RTI_RCMRC-BXDFecMetHFlog0814,495.2965631_MZ
RTI_RCMRC-BXDFecMetHFlog0814,495.2969964_MZ
RTI_RCMRC-BXDFecMetHFlog0814,495.2296603_MZ
RTI_RCMRC-BXDFecMetHFlog0814,495.2710939_MZ
RTI_RCMRC-BXDFecMetlog0814,495.2965631_MZ
RTI_RCMRC-BXDFecMetlog0814,495.2969964_MZ
RTI_RCMRC-BXDFecMetlog0814,495.2296603_MZ
RTI_RCMRC-BXDFecMetlog0814,495.2710939_MZ
RTI_RCMRC-BXDFecMetLFlog0814,492.3477869_MZ
RTI_RCMRC-BXDFecMetLFlog0814,495.1940198_MZ
RTI_RCMRC-BXDFecMetLFlog0814,493.2015369_MZ
RTI_RCMRC-BXDFecMetLFlog0814,495.1828367_MZ
RTI_RCMRC-BXDFecMetLFlog0814,494.2890614_MZ
RTI_RCMRC-BXDFecMetLFlog0814,493.2772966_MZ
RTI_RCMRC-BXDFecMetLFlog0814,493.2249505_MZ
RTI_RCMRC-BXDFecMetLFlog0814,494.2378197_MZ
RTI_RCMRC-BXDFecMetLFlog0814,496.2390375_MZ
RTI_RCMRC-BXDFecMetLFlog0814,496.2985825_MZ
RTI_RCMRC-BXDFecMetLFlog0814,496.2649747_MZ
RTI_RCMRC-BXDFecMetLFlog0814,493.2499689_MZ
RTI_RCMRC-BXDFecMetLFlog0814,494.2995368_MZ
RTI_RCMRC-BXDFecMetLFlog0814,496.2747321_MZ
RTI_RCMRC-BXDFecMetLFlog0814,494.2115308_MZ
RTI_RCMRC-BXDFecMetLFlog0814,496.2813692_MZ
RTI_RCMRC-BXDFecMetLFlog0814,494.2320307_MZ
RTI_RCMRC-BXDFecMetLFlog0814,493.2381075_MZ
RTI_RCMRC-BXDFecMetHFlog0814,493.2772966_MZ
RTI_RCMRC-BXDFecMetHFlog0814,494.2567413_MZ
RTI_RCMRC-BXDFecMetHFlog0814,495.1940198_MZ
RTI_RCMRC-BXDFecMetHFlog0814,496.2390375_MZ
RTI_RCMRC-BXDFecMetHFlog0814,494.2890614_MZ
RTI_RCMRC-BXDFecMetHFlog0814,492.3477869_MZ
RTI_RCMRC-BXDFecMetHFlog0814,495.1828367_MZ
RTI_RCMRC-BXDFecMetHFlog0814,494.2378197_MZ
RTI_RCMRC-BXDFecMetHFlog0814,493.2015369_MZ
RTI_RCMRC-BXDFecMetHFlog0814,496.2813692_MZ
RTI_RCMRC-BXDFecMetHFlog0814,494.2115308_MZ
RTI_RCMRC-BXDFecMetHFlog0814,493.2381075_MZ
RTI_RCMRC-BXDFecMetHFlog0814,494.2320307_MZ
RTI_RCMRC-BXDFecMetHFlog0814,496.2985825_MZ
RTI_RCMRC-BXDFecMetHFlog0814,493.2249505_MZ
RTI_RCMRC-BXDFecMetHFlog0814,496.2649747_MZ
RTI_RCMRC-BXDFecMetHFlog0814,493.2499689_MZ
RTI_RCMRC-BXDFecMetHFlog0814,494.2995368_MZ
RTI_RCMRC-BXDFecMetHFlog0814,496.2747321_MZ
RTI_RCMRC-BXDFecMetlog0814,492.3477869_MZ
RTI_RCMRC-BXDFecMetlog0814,495.1940198_MZ
RTI_RCMRC-BXDFecMetlog0814,493.2772966_MZ
RTI_RCMRC-BXDFecMetlog0814,496.2390375_MZ
RTI_RCMRC-BXDFecMetlog0814,494.2890614_MZ
RTI_RCMRC-BXDFecMetlog0814,495.1828367_MZ
RTI_RCMRC-BXDFecMetlog0814,493.2015369_MZ
RTI_RCMRC-BXDFecMetlog0814,494.2378197_MZ
RTI_RCMRC-BXDFecMetlog0814,493.2249505_MZ
RTI_RCMRC-BXDFecMetlog0814,496.2813692_MZ
RTI_RCMRC-BXDFecMetlog0814,494.2115308_MZ
RTI_RCMRC-BXDFecMetlog0814,493.2381075_MZ
RTI_RCMRC-BXDFecMetlog0814,494.2320307_MZ
RTI_RCMRC-BXDFecMetlog0814,496.2985825_MZ
RTI_RCMRC-BXDFecMetlog0814,496.2649747_MZ
RTI_RCMRC-BXDFecMetlog0814,493.2499689_MZ
RTI_RCMRC-BXDFecMetlog0814,494.2995368_MZ
RTI_RCMRC-BXDFecMetlog0814,496.2747321_MZ
EPFL-LISP_LivPMetCDHFD1213,65.03921071_MZ
EPFL-LISP_LivPMetHFD1213,65.03921071_MZ
EPFL-LISP_LivPMetCD1213,65.03921071_MZ
EPFL-LISP_MusPMetHFD1213,65.03921071_MZ
EPFL-LISP_MusPMetCD1213,65.03921071_MZ
EPFL-LISP_LivPMetlog2HFD1213,65.03921071_MZ
EPFL-LISP_LivPMetlog2CD1213,65.03921071_MZ
EPFL-LISP_LivPMetCDHFD1213,378.2139603_MZ
EPFL-LISP_LivPMetHFD1213,378.2139603_MZ
EPFL-LISP_LivPMetCD1213,378.2139603_MZ
EPFL-LISP_MusPMetHFD1213,378.2139603_MZ
EPFL-LISP_MusPMetCD1213,378.2139603_MZ
EPFL-LISP_LivPMetlog2HFD1213,378.2139603_MZ
EPFL-LISP_LivPMetlog2CD1213,378.2139603_MZ
